"Ständige und nichtständige Wohnbevölkerung nach institutionellen Gliederungen, Geburtsort und Staatsangehörigkeit"

"Jahr;""Kanton (-) / Bezirk (>>) / Gemeinde (......)"";""Bevölkerungstyp"";Ständige und nichtständige Wohnbevölkerung"
"2010;""Schweiz"";""Ständige Wohnbevölkerung"";7870134"
"2010;""Schweiz"";""Nichtständige Wohnbevölkerung"";70835"
"2010;"">> Bezirk Affoltern"";""Ständige Wohnbevölkerung"";48096"
"2010;"">> Bezirk Affoltern"";""Nichtständige Wohnbevölkerung"";152"
"2010;"">> Bezirk Andelfingen"";""Ständige Wohnbevölkerung"";29505"
"2010;"">> Bezirk Andelfingen"";""Nichtständige Wohnbevölkerung"";121"
"2010;"">> Bezirk Bülach"";""Ständige Wohnbevölkerung"";131879"
"2010;"">> Bezirk Bülach"";""Nichtständige Wohnbevölkerung"";1002"
"2010;"">> Bezirk Dielsdorf"";""Ständige Wohnbevölkerung"";80090"
"2010;"">> Bezirk Dielsdorf"";""Nichtständige Wohnbevölkerung"";411"
"2010;"">> Bezirk Hinwil"";""Ständige Wohnbevölkerung"";87822"
"2010;"">> Bezirk Hinwil"";""Nichtständige Wohnbevölkerung"";282"
"2010;"">> Bezirk Horgen"";""Ständige Wohnbevölkerung"";115301"
"2010;"">> Bezirk Horgen"";""Nichtständige Wohnbevölkerung"";563"
"2010;"">> Bezirk Meilen"";""Ständige Wohnbevölkerung"";97034"
"2010;"">> Bezirk Meilen"";""Nichtständige Wohnbevölkerung"";335"
"2010;"">> Bezirk Pfäffikon"";""Ständige Wohnbevölkerung"";55768"
"2010;"">> Bezirk Pfäffikon"";""Nichtständige Wohnbevölkerung"";239"
"2010;"">> Bezirk Uster"";""Ständige Wohnbevölkerung"";120607"
"2010;"">> Bezirk Uster"";""Nichtständige Wohnbevölkerung"";913"
"2010;"">> Bezirk Winterthur"";""Ständige Wohnbevölkerung"";153562"
"2010;"">> Bezirk Winterthur"";""Nichtständige Wohnbevölkerung"";791"
"2010;"">> Bezirk Dietikon"";""Ständige Wohnbevölkerung"";80547"
"2010;"">> Bezirk Dietikon"";""Nichtständige Wohnbevölkerung"";560"
"2010;"">> Bezirk Zürich"";""Ständige Wohnbevölkerung"";372857"
"2010;"">> Bezirk Zürich"";""Nichtständige Wohnbevölkerung"";5503"
"2010;"">> Arrondissement administratif Jura bernois"";""Ständige Wohnbevölkerung"";51668"
"2010;"">> Arrondissement administratif Jura bernois"";""Nichtständige Wohnbevölkerung"";274"
"2010;"">> Verwaltungskreis Biel/Bienne"";""Ständige Wohnbevölkerung"";93859"
"2010;"">> Verwaltungskreis Biel/Bienne"";""Nichtständige Wohnbevölkerung"";570"
"2010;"">> Verwaltungskreis Seeland"";""Ständige Wohnbevölkerung"";68288"
"2010;"">> Verwaltungskreis Seeland"";""Nichtständige Wohnbevölkerung"";415"
"2010;"">> Verwaltungskreis Oberaargau"";""Ständige Wohnbevölkerung"";77181"
"2010;"">> Verwaltungskreis Oberaargau"";""Nichtständige Wohnbevölkerung"";372"
"2010;"">> Verwaltungskreis Emmental"";""Ständige Wohnbevölkerung"";93677"
"2010;"">> Verwaltungskreis Emmental"";""Nichtständige Wohnbevölkerung"";291"
"2010;"">> Verwaltungskreis Bern-Mittelland"";""Ständige Wohnbevölkerung"";388546"
"2010;"">> Verwaltungskreis Bern-Mittelland"";""Nichtständige Wohnbevölkerung"";2783"
"2010;"">> Verwaltungskreis Thun"";""Ständige Wohnbevölkerung"";104092"
"2010;"">> Verwaltungskreis Thun"";""Nichtständige Wohnbevölkerung"";260"
"2010;"">> Verwaltungskreis Obersimmental-Saanen"";""Ständige Wohnbevölkerung"";16810"
"2010;"">> Verwaltungskreis Obersimmental-Saanen"";""Nichtständige Wohnbevölkerung"";598"
"2010;"">> Verwaltungskreis Frutigen-Niedersimmental"";""Ständige Wohnbevölkerung"";39171"
"2010;"">> Verwaltungskreis Frutigen-Niedersimmental"";""Nichtständige Wohnbevölkerung"";257"
"2010;"">> Verwaltungskreis Interlaken-Oberhasli"";""Ständige Wohnbevölkerung"";46510"
"2010;"">> Verwaltungskreis Interlaken-Oberhasli"";""Nichtständige Wohnbevölkerung"";1021"
"2010;"">> Wahlkreis Luzern-Stadt"";""Ständige Wohnbevölkerung"";77491"
"2010;"">> Wahlkreis Luzern-Stadt"";""Nichtständige Wohnbevölkerung"";435"
"2010;"">> Wahlkreis Luzern-Land"";""Ständige Wohnbevölkerung"";95438"
"2010;"">> Wahlkreis Luzern-Land"";""Nichtständige Wohnbevölkerung"";573"
"2010;"">> Wahlkreis Hochdorf"";""Ständige Wohnbevölkerung"";66081"
"2010;"">> Wahlkreis Hochdorf"";""Nichtständige Wohnbevölkerung"";456"
"2010;"">> Wahlkreis Sursee"";""Ständige Wohnbevölkerung"";66624"
"2010;"">> Wahlkreis Sursee"";""Nichtständige Wohnbevölkerung"";336"
"2010;"">> Wahlkreis Willisau"";""Ständige Wohnbevölkerung"";49174"
"2010;"">> Wahlkreis Willisau"";""Nichtständige Wohnbevölkerung"";310"
"2010;"">> Wahlkreis Entlebuch"";""Ständige Wohnbevölkerung"";22802"
"2010;"">> Wahlkreis Entlebuch"";""Nichtständige Wohnbevölkerung"";158"
"2010;"">> Kanton Uri"";""Ständige Wohnbevölkerung"";35422"
"2010;"">> Kanton Uri"";""Nichtständige Wohnbevölkerung"";320"
"2010;"">> Bezirk Einsiedeln"";""Ständige Wohnbevölkerung"";14385"
"2010;"">> Bezirk Einsiedeln"";""Nichtständige Wohnbevölkerung"";69"
"2010;"">> Bezirk Gersau"";""Ständige Wohnbevölkerung"";2094"
"2010;"">> Bezirk Gersau"";""Nichtständige Wohnbevölkerung"";33"
"2010;"">> Bezirk Höfe"";""Ständige Wohnbevölkerung"";27336"
"2010;"">> Bezirk Höfe"";""Nichtständige Wohnbevölkerung"";268"
"2010;"">> Bezirk Küssnacht (SZ)"";""Ständige Wohnbevölkerung"";12224"
"2010;"">> Bezirk Küssnacht (SZ)"";""Nichtständige Wohnbevölkerung"";92"
"2010;"">> Bezirk March"";""Ständige Wohnbevölkerung"";38983"
"2010;"">> Bezirk March"";""Nichtständige Wohnbevölkerung"";265"
"2010;"">> Bezirk Schwyz"";""Ständige Wohnbevölkerung"";51708"
"2010;"">> Bezirk Schwyz"";""Nichtständige Wohnbevölkerung"";365"
"2010;"">> Kanton Obwalden"";""Ständige Wohnbevölkerung"";35585"
"2010;"">> Kanton Obwalden"";""Nichtständige Wohnbevölkerung"";398"
"2010;"">> Kanton Nidwalden"";""Ständige Wohnbevölkerung"";41024"
"2010;"">> Kanton Nidwalden"";""Nichtständige Wohnbevölkerung"";224"
"2010;"">> Kanton Glarus"";""Ständige Wohnbevölkerung"";38608"
"2010;"">> Kanton Glarus"";""Nichtständige Wohnbevölkerung"";556"
"2010;"">> Kanton Zug"";""Ständige Wohnbevölkerung"";113105"
"2010;"">> Kanton Zug"";""Nichtständige Wohnbevölkerung"";1210"
"2010;"">> District de la Broye"";""Ständige Wohnbevölkerung"";26525"
"2010;"">> District de la Broye"";""Nichtständige Wohnbevölkerung"";248"
"2010;"">> District de la Glâne"";""Ständige Wohnbevölkerung"";20708"
"2010;"">> District de la Glâne"";""Nichtständige Wohnbevölkerung"";85"
"2010;"">> District de la Gruyère"";""Ständige Wohnbevölkerung"";46415"
"2010;"">> District de la Gruyère"";""Nichtständige Wohnbevölkerung"";316"
"2010;"">> District de la Sarine"";""Ständige Wohnbevölkerung"";94849"
"2010;"">> District de la Sarine"";""Nichtständige Wohnbevölkerung"";947"
"2010;"">> Bezirk See / District du Lac"";""Ständige Wohnbevölkerung"";32911"
"2010;"">> Bezirk See / District du Lac"";""Nichtständige Wohnbevölkerung"";233"
"2010;"">> Bezirk Sense"";""Ständige Wohnbevölkerung"";41113"
"2010;"">> Bezirk Sense"";""Nichtständige Wohnbevölkerung"";73"
"2010;"">> District de la Veveyse"";""Ständige Wohnbevölkerung"";15972"
"2010;"">> District de la Veveyse"";""Nichtständige Wohnbevölkerung"";48"
"2010;"">> Bezirk Gäu"";""Ständige Wohnbevölkerung"";18135"
"2010;"">> Bezirk Gäu"";""Nichtständige Wohnbevölkerung"";141"
"2010;"">> Bezirk Thal"";""Ständige Wohnbevölkerung"";14216"
"2010;"">> Bezirk Thal"";""Nichtständige Wohnbevölkerung"";59"
"2010;"">> Bezirk Bucheggberg"";""Ständige Wohnbevölkerung"";7543"
"2010;"">> Bezirk Bucheggberg"";""Nichtständige Wohnbevölkerung"";33"
"2010;"">> Bezirk Dorneck"";""Ständige Wohnbevölkerung"";19517"
"2010;"">> Bezirk Dorneck"";""Nichtständige Wohnbevölkerung"";101"
"2010;"">> Bezirk Gösgen"";""Ständige Wohnbevölkerung"";23155"
"2010;"">> Bezirk Gösgen"";""Nichtständige Wohnbevölkerung"";147"
"2010;"">> Bezirk Wasseramt"";""Ständige Wohnbevölkerung"";48237"
"2010;"">> Bezirk Wasseramt"";""Nichtständige Wohnbevölkerung"";220"
"2010;"">> Bezirk Lebern"";""Ständige Wohnbevölkerung"";43228"
"2010;"">> Bezirk Lebern"";""Nichtständige Wohnbevölkerung"";168"
"2010;"">> Bezirk Olten"";""Ständige Wohnbevölkerung"";51240"
"2010;"">> Bezirk Olten"";""Nichtständige Wohnbevölkerung"";510"
"2010;"">> Bezirk Solothurn"";""Ständige Wohnbevölkerung"";16066"
"2010;"">> Bezirk Solothurn"";""Nichtständige Wohnbevölkerung"";98"
"2010;"">> Bezirk Thierstein"";""Ständige Wohnbevölkerung"";13947"
"2010;"">> Bezirk Thierstein"";""Nichtständige Wohnbevölkerung"";41"
"2010;"">> Kanton Basel-Stadt"";""Ständige Wohnbevölkerung"";184950"
"2010;"">> Kanton Basel-Stadt"";""Nichtständige Wohnbevölkerung"";2853"
"2010;"">> Bezirk Arlesheim"";""Ständige Wohnbevölkerung"";148996"
"2010;"">> Bezirk Arlesheim"";""Nichtständige Wohnbevölkerung"";665"
"2010;"">> Bezirk Laufen"";""Ständige Wohnbevölkerung"";18901"
"2010;"">> Bezirk Laufen"";""Nichtständige Wohnbevölkerung"";122"
"2010;"">> Bezirk Liestal"";""Ständige Wohnbevölkerung"";57229"
"2010;"">> Bezirk Liestal"";""Nichtständige Wohnbevölkerung"";377"
"2010;"">> Bezirk Sissach"";""Ständige Wohnbevölkerung"";33688"
"2010;"">> Bezirk Sissach"";""Nichtständige Wohnbevölkerung"";116"
"2010;"">> Bezirk Waldenburg"";""Ständige Wohnbevölkerung"";15590"
"2010;"">> Bezirk Waldenburg"";""Nichtständige Wohnbevölkerung"";66"
"2010;"">> Bezirk Oberklettgau"";""Ständige Wohnbevölkerung"";4045"
"2010;"">> Bezirk Oberklettgau"";""Nichtständige Wohnbevölkerung"";8"
"2010;"">> Bezirk Reiat"";""Ständige Wohnbevölkerung"";7946"
"2010;"">> Bezirk Reiat"";""Nichtständige Wohnbevölkerung"";68"
"2010;"">> Bezirk Schaffhausen"";""Ständige Wohnbevölkerung"";51457"
"2010;"">> Bezirk Schaffhausen"";""Nichtständige Wohnbevölkerung"";463"
"2010;"">> Bezirk Schleitheim"";""Ständige Wohnbevölkerung"";2947"
"2010;"">> Bezirk Schleitheim"";""Nichtständige Wohnbevölkerung"";48"
"2010;"">> Bezirk Stein"";""Ständige Wohnbevölkerung"";5222"
"2010;"">> Bezirk Stein"";""Nichtständige Wohnbevölkerung"";77"
"2010;"">> Bezirk Unterklettgau"";""Ständige Wohnbevölkerung"";4739"
"2010;"">> Bezirk Unterklettgau"";""Nichtständige Wohnbevölkerung"";21"
"2010;"">> Bezirk Hinterland"";""Ständige Wohnbevölkerung"";23577"
"2010;"">> Bezirk Hinterland"";""Nichtständige Wohnbevölkerung"";74"
"2010;"">> Bezirk Mittelland"";""Ständige Wohnbevölkerung"";16195"
"2010;"">> Bezirk Mittelland"";""Nichtständige Wohnbevölkerung"";35"
"2010;"">> Bezirk Vorderland"";""Ständige Wohnbevölkerung"";13245"
"2010;"">> Bezirk Vorderland"";""Nichtständige Wohnbevölkerung"";68"
"2010;"">> Kanton Appenzell Innerrhoden"";""Ständige Wohnbevölkerung"";15688"
"2010;"">> Kanton Appenzell Innerrhoden"";""Nichtständige Wohnbevölkerung"";41"
"2010;"">> Wahlkreis St. Gallen"";""Ständige Wohnbevölkerung"";117823"
"2010;"">> Wahlkreis St. Gallen"";""Nichtständige Wohnbevölkerung"";669"
"2010;"">> Wahlkreis Rorschach"";""Ständige Wohnbevölkerung"";41047"
"2010;"">> Wahlkreis Rorschach"";""Nichtständige Wohnbevölkerung"";166"
"2010;"">> Wahlkreis Rheintal"";""Ständige Wohnbevölkerung"";67509"
"2010;"">> Wahlkreis Rheintal"";""Nichtständige Wohnbevölkerung"";464"
"2010;"">> Wahlkreis Werdenberg"";""Ständige Wohnbevölkerung"";35644"
"2010;"">> Wahlkreis Werdenberg"";""Nichtständige Wohnbevölkerung"";240"
"2010;"">> Wahlkreis Sarganserland"";""Ständige Wohnbevölkerung"";37775"
"2010;"">> Wahlkreis Sarganserland"";""Nichtständige Wohnbevölkerung"";241"
"2010;"">> Wahlkreis See-Gaster"";""Ständige Wohnbevölkerung"";62499"
"2010;"">> Wahlkreis See-Gaster"";""Nichtständige Wohnbevölkerung"";258"
"2010;"">> Wahlkreis Toggenburg"";""Ständige Wohnbevölkerung"";45056"
"2010;"">> Wahlkreis Toggenburg"";""Nichtständige Wohnbevölkerung"";193"
"2010;"">> Wahlkreis Wil"";""Ständige Wohnbevölkerung"";71554"
"2010;"">> Wahlkreis Wil"";""Nichtständige Wohnbevölkerung"";352"
"2010;"">> Bezirk Albula"";""Ständige Wohnbevölkerung"";8227"
"2010;"">> Bezirk Albula"";""Nichtständige Wohnbevölkerung"";494"
"2010;"">> Distretto di Bernina"";""Ständige Wohnbevölkerung"";4629"
"2010;"">> Distretto di Bernina"";""Nichtständige Wohnbevölkerung"";46"
"2010;"">> Bezirk Hinterrhein"";""Ständige Wohnbevölkerung"";12672"
"2010;"">> Bezirk Hinterrhein"";""Nichtständige Wohnbevölkerung"";144"
"2010;"">> Bezirk Imboden"";""Ständige Wohnbevölkerung"";18773"
"2010;"">> Bezirk Imboden"";""Nichtständige Wohnbevölkerung"";316"
"2010;"">> Bezirk Inn"";""Ständige Wohnbevölkerung"";9670"
"2010;"">> Bezirk Inn"";""Nichtständige Wohnbevölkerung"";790"
"2010;"">> Bezirk Landquart"";""Ständige Wohnbevölkerung"";24093"
"2010;"">> Bezirk Landquart"";""Nichtständige Wohnbevölkerung"";97"
"2010;"">> Bezirk Maloja / Distretto di Maloggia"";""Ständige Wohnbevölkerung"";18652"
"2010;"">> Bezirk Maloja / Distretto di Maloggia"";""Nichtständige Wohnbevölkerung"";3163"
"2010;"">> Distretto di Moesa"";""Ständige Wohnbevölkerung"";7863"
"2010;"">> Distretto di Moesa"";""Nichtständige Wohnbevölkerung"";49"
"2010;"">> Bezirk Plessur"";""Ständige Wohnbevölkerung"";40067"
"2010;"">> Bezirk Plessur"";""Nichtständige Wohnbevölkerung"";1509"
"2010;"">> Bezirk Prättigau-Davos"";""Ständige Wohnbevölkerung"";26198"
"2010;"">> Bezirk Prättigau-Davos"";""Nichtständige Wohnbevölkerung"";1233"
"2010;"">> Bezirk Surselva"";""Ständige Wohnbevölkerung"";21777"
"2010;"">> Bezirk Surselva"";""Nichtständige Wohnbevölkerung"";727"
"2010;"">> Bezirk Aarau"";""Ständige Wohnbevölkerung"";70594"
"2010;"">> Bezirk Aarau"";""Nichtständige Wohnbevölkerung"";460"
"2010;"">> Bezirk Baden"";""Ständige Wohnbevölkerung"";131565"
"2010;"">> Bezirk Baden"";""Nichtständige Wohnbevölkerung"";756"
"2010;"">> Bezirk Bremgarten"";""Ständige Wohnbevölkerung"";69329"
"2010;"">> Bezirk Bremgarten"";""Nichtständige Wohnbevölkerung"";217"
"2010;"">> Bezirk Brugg"";""Ständige Wohnbevölkerung"";46672"
"2010;"">> Bezirk Brugg"";""Nichtständige Wohnbevölkerung"";247"
"2010;"">> Bezirk Kulm"";""Ständige Wohnbevölkerung"";37887"
"2010;"">> Bezirk Kulm"";""Nichtständige Wohnbevölkerung"";331"
"2010;"">> Bezirk Laufenburg"";""Ständige Wohnbevölkerung"";29282"
"2010;"">> Bezirk Laufenburg"";""Nichtständige Wohnbevölkerung"";114"
"2010;"">> Bezirk Lenzburg"";""Ständige Wohnbevölkerung"";53169"
"2010;"">> Bezirk Lenzburg"";""Nichtständige Wohnbevölkerung"";167"
"2010;"">> Bezirk Muri"";""Ständige Wohnbevölkerung"";32339"
"2010;"">> Bezirk Muri"";""Nichtständige Wohnbevölkerung"";126"
"2010;"">> Bezirk Rheinfelden"";""Ständige Wohnbevölkerung"";43805"
"2010;"">> Bezirk Rheinfelden"";""Nichtständige Wohnbevölkerung"";193"
"2010;"">> Bezirk Zofingen"";""Ständige Wohnbevölkerung"";64710"
"2010;"">> Bezirk Zofingen"";""Nichtständige Wohnbevölkerung"";284"
"2010;"">> Bezirk Zurzach"";""Ständige Wohnbevölkerung"";32114"
"2010;"">> Bezirk Zurzach"";""Nichtständige Wohnbevölkerung"";163"
"2010;"">> Bezirk Arbon"";""Ständige Wohnbevölkerung"";51893"
"2010;"">> Bezirk Arbon"";""Nichtständige Wohnbevölkerung"";398"
"2010;"">> Bezirk Frauenfeld"";""Ständige Wohnbevölkerung"";61778"
"2010;"">> Bezirk Frauenfeld"";""Nichtständige Wohnbevölkerung"";525"
"2010;"">> Bezirk Kreuzlingen"";""Ständige Wohnbevölkerung"";42559"
"2010;"">> Bezirk Kreuzlingen"";""Nichtständige Wohnbevölkerung"";615"
"2010;"">> Bezirk Münchwilen"";""Ständige Wohnbevölkerung"";42024"
"2010;"">> Bezirk Münchwilen"";""Nichtständige Wohnbevölkerung"";155"
"2010;"">> Bezirk Weinfelden"";""Ständige Wohnbevölkerung"";50190"
"2010;"">> Bezirk Weinfelden"";""Nichtständige Wohnbevölkerung"";399"
"2010;"">> Distretto di Bellinzona"";""Ständige Wohnbevölkerung"";48231"
"2010;"">> Distretto di Bellinzona"";""Nichtständige Wohnbevölkerung"";210"
"2010;"">> Distretto di Blenio"";""Ständige Wohnbevölkerung"";5530"
"2010;"">> Distretto di Blenio"";""Nichtständige Wohnbevölkerung"";23"
"2010;"">> Distretto di Leventina"";""Ständige Wohnbevölkerung"";9600"
"2010;"">> Distretto di Leventina"";""Nichtständige Wohnbevölkerung"";99"
"2010;"">> Distretto di Locarno"";""Ständige Wohnbevölkerung"";61707"
"2010;"">> Distretto di Locarno"";""Nichtständige Wohnbevölkerung"";215"
"2010;"">> Distretto di Lugano"";""Ständige Wohnbevölkerung"";141661"
"2010;"">> Distretto di Lugano"";""Nichtständige Wohnbevölkerung"";1267"
"2010;"">> Distretto di Mendrisio"";""Ständige Wohnbevölkerung"";48729"
"2010;"">> Distretto di Mendrisio"";""Nichtständige Wohnbevölkerung"";388"
"2010;"">> Distretto di Riviera"";""Ständige Wohnbevölkerung"";12533"
"2010;"">> Distretto di Riviera"";""Nichtständige Wohnbevölkerung"";34"
"2010;"">> Distretto di Vallemaggia"";""Ständige Wohnbevölkerung"";5762"
"2010;"">> Distretto di Vallemaggia"";""Nichtständige Wohnbevölkerung"";11"
"2010;"">> District d'Aigle"";""Ständige Wohnbevölkerung"";40143"
"2010;"">> District d'Aigle"";""Nichtständige Wohnbevölkerung"";759"
"2010;"">> District de la Broye-Vully"";""Ständige Wohnbevölkerung"";36246"
"2010;"">> District de la Broye-Vully"";""Nichtständige Wohnbevölkerung"";291"
"2010;"">> District du Gros-de-Vaud"";""Ständige Wohnbevölkerung"";37917"
"2010;"">> District du Gros-de-Vaud"";""Nichtständige Wohnbevölkerung"";162"
"2010;"">> District du Jura-Nord vaudois"";""Ständige Wohnbevölkerung"";81687"
"2010;"">> District du Jura-Nord vaudois"";""Nichtständige Wohnbevölkerung"";547"
"2010;"">> District de Lausanne"";""Ständige Wohnbevölkerung"";150362"
"2010;"">> District de Lausanne"";""Nichtständige Wohnbevölkerung"";2071"
"2010;"">> District de Lavaux-Oron"";""Ständige Wohnbevölkerung"";55915"
"2010;"">> District de Lavaux-Oron"";""Nichtständige Wohnbevölkerung"";300"
"2010;"">> District de Morges"";""Ständige Wohnbevölkerung"";73747"
"2010;"">> District de Morges"";""Nichtständige Wohnbevölkerung"";423"
"2010;"">> District de Nyon"";""Ständige Wohnbevölkerung"";89601"
"2010;"">> District de Nyon"";""Nichtständige Wohnbevölkerung"";711"
"2010;"">> District de l'Ouest lausannois"";""Ständige Wohnbevölkerung"";68232"
"2010;"">> District de l'Ouest lausannois"";""Nichtständige Wohnbevölkerung"";949"
"2010;"">> District de la Riviera-Pays-d'Enhaut"";""Ständige Wohnbevölkerung"";79431"
"2010;"">> District de la Riviera-Pays-d'Enhaut"";""Nichtständige Wohnbevölkerung"";1273"
"2010;"">> Bezirk Brig"";""Ständige Wohnbevölkerung"";25033"
"2010;"">> Bezirk Brig"";""Nichtständige Wohnbevölkerung"";164"
"2010;"">> District de Conthey"";""Ständige Wohnbevölkerung"";24211"
"2010;"">> District de Conthey"";""Nichtständige Wohnbevölkerung"";542"
"2010;"">> District d'Entremont"";""Ständige Wohnbevölkerung"";14223"
"2010;"">> District d'Entremont"";""Nichtständige Wohnbevölkerung"";1374"
"2010;"">> Bezirk Goms"";""Ständige Wohnbevölkerung"";4745"
"2010;"">> Bezirk Goms"";""Nichtständige Wohnbevölkerung"";156"
"2010;"">> District d'Hérens"";""Ständige Wohnbevölkerung"";10363"
"2010;"">> District d'Hérens"";""Nichtständige Wohnbevölkerung"";157"
"2010;"">> Bezirk Leuk"";""Ständige Wohnbevölkerung"";12294"
"2010;"">> Bezirk Leuk"";""Nichtständige Wohnbevölkerung"";240"
"2010;"">> District de Martigny"";""Ständige Wohnbevölkerung"";41361"
"2010;"">> District de Martigny"";""Nichtständige Wohnbevölkerung"";536"
"2010;"">> District de Monthey"";""Ständige Wohnbevölkerung"";40766"
"2010;"">> District de Monthey"";""Nichtständige Wohnbevölkerung"";457"
"2010;"">> Bezirk Raron"";""Ständige Wohnbevölkerung"";10829"
"2010;"">> Bezirk Raron"";""Nichtständige Wohnbevölkerung"";243"
"2010;"">> District de Saint-Maurice"";""Ständige Wohnbevölkerung"";12360"
"2010;"">> District de Saint-Maurice"";""Nichtständige Wohnbevölkerung"";134"
"2010;"">> District de Sierre"";""Ständige Wohnbevölkerung"";46134"
"2010;"">> District de Sierre"";""Nichtständige Wohnbevölkerung"";1229"
"2010;"">> District de Sion"";""Ständige Wohnbevölkerung"";42431"
"2010;"">> District de Sion"";""Nichtständige Wohnbevölkerung"";376"
"2010;"">> Bezirk Visp"";""Ständige Wohnbevölkerung"";27934"
"2010;"">> Bezirk Visp"";""Nichtständige Wohnbevölkerung"";2088"
"2010;"">> District de Boudry"";""Ständige Wohnbevölkerung"";38866"
"2010;"">> District de Boudry"";""Nichtständige Wohnbevölkerung"";140"
"2010;"">> District de la Chaux-de-Fonds"";""Ständige Wohnbevölkerung"";38688"
"2010;"">> District de la Chaux-de-Fonds"";""Nichtständige Wohnbevölkerung"";170"
"2010;"">> District du Locle"";""Ständige Wohnbevölkerung"";14099"
"2010;"">> District du Locle"";""Nichtständige Wohnbevölkerung"";53"
"2010;"">> District de Neuchâtel"";""Ständige Wohnbevölkerung"";52669"
"2010;"">> District de Neuchâtel"";""Nichtständige Wohnbevölkerung"";368"
"2010;"">> District du Val-de-Ruz"";""Ständige Wohnbevölkerung"";15831"
"2010;"">> District du Val-de-Ruz"";""Nichtständige Wohnbevölkerung"";118"
"2010;"">> District du Val-de-Travers"";""Ständige Wohnbevölkerung"";11932"
"2010;"">> District du Val-de-Travers"";""Nichtständige Wohnbevölkerung"";77"
"2010;"">> Canton de Genève"";""Ständige Wohnbevölkerung"";457715"
"2010;"">> Canton de Genève"";""Nichtständige Wohnbevölkerung"";3566"
"2010;"">> District de Delémont"";""Ständige Wohnbevölkerung"";35921"
"2010;"">> District de Delémont"";""Nichtständige Wohnbevölkerung"";145"
"2010;"">> District des Franches-Montagnes"";""Ständige Wohnbevölkerung"";9966"
"2010;"">> District des Franches-Montagnes"";""Nichtständige Wohnbevölkerung"";57"
"2010;"">> District de Porrentruy"";""Ständige Wohnbevölkerung"";24145"
"2010;"">> District de Porrentruy"";""Nichtständige Wohnbevölkerung"";60"
"2011;""Schweiz"";""Ständige Wohnbevölkerung"";7954662"
"2011;""Schweiz"";""Nichtständige Wohnbevölkerung"";80729"
"2011;"">> Bezirk Affoltern"";""Ständige Wohnbevölkerung"";48958"
"2011;"">> Bezirk Affoltern"";""Nichtständige Wohnbevölkerung"";153"
"2011;"">> Bezirk Andelfingen"";""Ständige Wohnbevölkerung"";29841"
"2011;"">> Bezirk Andelfingen"";""Nichtständige Wohnbevölkerung"";130"
"2011;"">> Bezirk Bülach"";""Ständige Wohnbevölkerung"";134013"
"2011;"">> Bezirk Bülach"";""Nichtständige Wohnbevölkerung"";1314"
"2011;"">> Bezirk Dielsdorf"";""Ständige Wohnbevölkerung"";81432"
"2011;"">> Bezirk Dielsdorf"";""Nichtständige Wohnbevölkerung"";409"
"2011;"">> Bezirk Hinwil"";""Ständige Wohnbevölkerung"";89455"
"2011;"">> Bezirk Hinwil"";""Nichtständige Wohnbevölkerung"";396"
"2011;"">> Bezirk Horgen"";""Ständige Wohnbevölkerung"";117410"
"2011;"">> Bezirk Horgen"";""Nichtständige Wohnbevölkerung"";716"
"2011;"">> Bezirk Meilen"";""Ständige Wohnbevölkerung"";97649"
"2011;"">> Bezirk Meilen"";""Nichtständige Wohnbevölkerung"";474"
"2011;"">> Bezirk Pfäffikon"";""Ständige Wohnbevölkerung"";56448"
"2011;"">> Bezirk Pfäffikon"";""Nichtständige Wohnbevölkerung"";310"
"2011;"">> Bezirk Uster"";""Ständige Wohnbevölkerung"";121782"
"2011;"">> Bezirk Uster"";""Nichtständige Wohnbevölkerung"";995"
"2011;"">> Bezirk Winterthur"";""Ständige Wohnbevölkerung"";156227"
"2011;"">> Bezirk Winterthur"";""Nichtständige Wohnbevölkerung"";935"
"2011;"">> Bezirk Dietikon"";""Ständige Wohnbevölkerung"";82191"
"2011;"">> Bezirk Dietikon"";""Nichtständige Wohnbevölkerung"";569"
"2011;"">> Bezirk Zürich"";""Ständige Wohnbevölkerung"";376990"
"2011;"">> Bezirk Zürich"";""Nichtständige Wohnbevölkerung"";6343"
"2011;"">> Arrondissement administratif Jura bernois"";""Ständige Wohnbevölkerung"";51796"
"2011;"">> Arrondissement administratif Jura bernois"";""Nichtständige Wohnbevölkerung"";361"
"2011;"">> Verwaltungskreis Biel/Bienne"";""Ständige Wohnbevölkerung"";94577"
"2011;"">> Verwaltungskreis Biel/Bienne"";""Nichtständige Wohnbevölkerung"";713"
"2011;"">> Verwaltungskreis Seeland"";""Ständige Wohnbevölkerung"";68962"
"2011;"">> Verwaltungskreis Seeland"";""Nichtständige Wohnbevölkerung"";530"
"2011;"">> Verwaltungskreis Oberaargau"";""Ständige Wohnbevölkerung"";77611"
"2011;"">> Verwaltungskreis Oberaargau"";""Nichtständige Wohnbevölkerung"";421"
"2011;"">> Verwaltungskreis Emmental"";""Ständige Wohnbevölkerung"";94137"
"2011;"">> Verwaltungskreis Emmental"";""Nichtständige Wohnbevölkerung"";445"
"2011;"">> Verwaltungskreis Bern-Mittelland"";""Ständige Wohnbevölkerung"";390906"
"2011;"">> Verwaltungskreis Bern-Mittelland"";""Nichtständige Wohnbevölkerung"";3327"
"2011;"">> Verwaltungskreis Thun"";""Ständige Wohnbevölkerung"";104647"
"2011;"">> Verwaltungskreis Thun"";""Nichtständige Wohnbevölkerung"";350"
"2011;"">> Verwaltungskreis Obersimmental-Saanen"";""Ständige Wohnbevölkerung"";16826"
"2011;"">> Verwaltungskreis Obersimmental-Saanen"";""Nichtständige Wohnbevölkerung"";385"
"2011;"">> Verwaltungskreis Frutigen-Niedersimmental"";""Ständige Wohnbevölkerung"";39103"
"2011;"">> Verwaltungskreis Frutigen-Niedersimmental"";""Nichtständige Wohnbevölkerung"";196"
"2011;"">> Verwaltungskreis Interlaken-Oberhasli"";""Ständige Wohnbevölkerung"";46481"
"2011;"">> Verwaltungskreis Interlaken-Oberhasli"";""Nichtständige Wohnbevölkerung"";1008"
"2011;"">> Wahlkreis Luzern-Stadt"";""Ständige Wohnbevölkerung"";78093"
"2011;"">> Wahlkreis Luzern-Stadt"";""Nichtständige Wohnbevölkerung"";652"
"2011;"">> Wahlkreis Luzern-Land"";""Ständige Wohnbevölkerung"";96625"
"2011;"">> Wahlkreis Luzern-Land"";""Nichtständige Wohnbevölkerung"";671"
"2011;"">> Wahlkreis Hochdorf"";""Ständige Wohnbevölkerung"";67073"
"2011;"">> Wahlkreis Hochdorf"";""Nichtständige Wohnbevölkerung"";570"
"2011;"">> Wahlkreis Sursee"";""Ständige Wohnbevölkerung"";67459"
"2011;"">> Wahlkreis Sursee"";""Nichtständige Wohnbevölkerung"";333"
"2011;"">> Wahlkreis Willisau"";""Ständige Wohnbevölkerung"";49880"
"2011;"">> Wahlkreis Willisau"";""Nichtständige Wohnbevölkerung"";308"
"2011;"">> Wahlkreis Entlebuch"";""Ständige Wohnbevölkerung"";22836"
"2011;"">> Wahlkreis Entlebuch"";""Nichtständige Wohnbevölkerung"";165"
"2011;"">> Kanton Uri"";""Ständige Wohnbevölkerung"";35382"
"2011;"">> Kanton Uri"";""Nichtständige Wohnbevölkerung"";393"
"2011;"">> Bezirk Einsiedeln"";""Ständige Wohnbevölkerung"";14438"
"2011;"">> Bezirk Einsiedeln"";""Nichtständige Wohnbevölkerung"";65"
"2011;"">> Bezirk Gersau"";""Ständige Wohnbevölkerung"";2108"
"2011;"">> Bezirk Gersau"";""Nichtständige Wohnbevölkerung"";34"
"2011;"">> Bezirk Höfe"";""Ständige Wohnbevölkerung"";27550"
"2011;"">> Bezirk Höfe"";""Nichtständige Wohnbevölkerung"";299"
"2011;"">> Bezirk Küssnacht (SZ)"";""Ständige Wohnbevölkerung"";12238"
"2011;"">> Bezirk Küssnacht (SZ)"";""Nichtständige Wohnbevölkerung"";79"
"2011;"">> Bezirk March"";""Ständige Wohnbevölkerung"";39473"
"2011;"">> Bezirk March"";""Nichtständige Wohnbevölkerung"";388"
"2011;"">> Bezirk Schwyz"";""Ständige Wohnbevölkerung"";52097"
"2011;"">> Bezirk Schwyz"";""Nichtständige Wohnbevölkerung"";475"
"2011;"">> Kanton Obwalden"";""Ständige Wohnbevölkerung"";35885"
"2011;"">> Kanton Obwalden"";""Nichtständige Wohnbevölkerung"";438"
"2011;"">> Kanton Nidwalden"";""Ständige Wohnbevölkerung"";41311"
"2011;"">> Kanton Nidwalden"";""Nichtständige Wohnbevölkerung"";298"
"2011;"">> Kanton Glarus"";""Ständige Wohnbevölkerung"";39217"
"2011;"">> Kanton Glarus"";""Nichtständige Wohnbevölkerung"";617"
"2011;"">> Kanton Zug"";""Ständige Wohnbevölkerung"";115104"
"2011;"">> Kanton Zug"";""Nichtständige Wohnbevölkerung"";1331"
"2011;"">> District de la Broye"";""Ständige Wohnbevölkerung"";27544"
"2011;"">> District de la Broye"";""Nichtständige Wohnbevölkerung"";215"
"2011;"">> District de la Glâne"";""Ständige Wohnbevölkerung"";21097"
"2011;"">> District de la Glâne"";""Nichtständige Wohnbevölkerung"";118"
"2011;"">> District de la Gruyère"";""Ständige Wohnbevölkerung"";47594"
"2011;"">> District de la Gruyère"";""Nichtständige Wohnbevölkerung"";490"
"2011;"">> District de la Sarine"";""Ständige Wohnbevölkerung"";96979"
"2011;"">> District de la Sarine"";""Nichtständige Wohnbevölkerung"";1106"
"2011;"">> Bezirk See / District du Lac"";""Ständige Wohnbevölkerung"";33419"
"2011;"">> Bezirk See / District du Lac"";""Nichtständige Wohnbevölkerung"";319"
"2011;"">> Bezirk Sense"";""Ständige Wohnbevölkerung"";41533"
"2011;"">> Bezirk Sense"";""Nichtständige Wohnbevölkerung"";75"
"2011;"">> District de la Veveyse"";""Ständige Wohnbevölkerung"";16502"
"2011;"">> District de la Veveyse"";""Nichtständige Wohnbevölkerung"";75"
"2011;"">> Bezirk Gäu"";""Ständige Wohnbevölkerung"";18467"
"2011;"">> Bezirk Gäu"";""Nichtständige Wohnbevölkerung"";180"
"2011;"">> Bezirk Thal"";""Ständige Wohnbevölkerung"";14160"
"2011;"">> Bezirk Thal"";""Nichtständige Wohnbevölkerung"";50"
"2011;"">> Bezirk Bucheggberg"";""Ständige Wohnbevölkerung"";7542"
"2011;"">> Bezirk Bucheggberg"";""Nichtständige Wohnbevölkerung"";40"
"2011;"">> Bezirk Dorneck"";""Ständige Wohnbevölkerung"";19632"
"2011;"">> Bezirk Dorneck"";""Nichtständige Wohnbevölkerung"";120"
"2011;"">> Bezirk Gösgen"";""Ständige Wohnbevölkerung"";23270"
"2011;"">> Bezirk Gösgen"";""Nichtständige Wohnbevölkerung"";156"
"2011;"">> Bezirk Wasseramt"";""Ständige Wohnbevölkerung"";48499"
"2011;"">> Bezirk Wasseramt"";""Nichtständige Wohnbevölkerung"";245"
"2011;"">> Bezirk Lebern"";""Ständige Wohnbevölkerung"";43475"
"2011;"">> Bezirk Lebern"";""Nichtständige Wohnbevölkerung"";268"
"2011;"">> Bezirk Olten"";""Ständige Wohnbevölkerung"";51717"
"2011;"">> Bezirk Olten"";""Nichtständige Wohnbevölkerung"";503"
"2011;"">> Bezirk Solothurn"";""Ständige Wohnbevölkerung"";16301"
"2011;"">> Bezirk Solothurn"";""Nichtständige Wohnbevölkerung"";142"
"2011;"">> Bezirk Thierstein"";""Ständige Wohnbevölkerung"";13927"
"2011;"">> Bezirk Thierstein"";""Nichtständige Wohnbevölkerung"";39"
"2011;"">> Kanton Basel-Stadt"";""Ständige Wohnbevölkerung"";186255"
"2011;"">> Kanton Basel-Stadt"";""Nichtständige Wohnbevölkerung"";3110"
"2011;"">> Bezirk Arlesheim"";""Ständige Wohnbevölkerung"";149731"
"2011;"">> Bezirk Arlesheim"";""Nichtständige Wohnbevölkerung"";983"
"2011;"">> Bezirk Laufen"";""Ständige Wohnbevölkerung"";19012"
"2011;"">> Bezirk Laufen"";""Nichtständige Wohnbevölkerung"";93"
"2011;"">> Bezirk Liestal"";""Ständige Wohnbevölkerung"";57181"
"2011;"">> Bezirk Liestal"";""Nichtständige Wohnbevölkerung"";383"
"2011;"">> Bezirk Sissach"";""Ständige Wohnbevölkerung"";33882"
"2011;"">> Bezirk Sissach"";""Nichtständige Wohnbevölkerung"";114"
"2011;"">> Bezirk Waldenburg"";""Ständige Wohnbevölkerung"";15554"
"2011;"">> Bezirk Waldenburg"";""Nichtständige Wohnbevölkerung"";81"
"2011;"">> Bezirk Oberklettgau"";""Ständige Wohnbevölkerung"";4110"
"2011;"">> Bezirk Oberklettgau"";""Nichtständige Wohnbevölkerung"";25"
"2011;"">> Bezirk Reiat"";""Ständige Wohnbevölkerung"";8170"
"2011;"">> Bezirk Reiat"";""Nichtständige Wohnbevölkerung"";67"
"2011;"">> Bezirk Schaffhausen"";""Ständige Wohnbevölkerung"";51852"
"2011;"">> Bezirk Schaffhausen"";""Nichtständige Wohnbevölkerung"";566"
"2011;"">> Bezirk Schleitheim"";""Ständige Wohnbevölkerung"";2997"
"2011;"">> Bezirk Schleitheim"";""Nichtständige Wohnbevölkerung"";42"
"2011;"">> Bezirk Stein"";""Ständige Wohnbevölkerung"";5251"
"2011;"">> Bezirk Stein"";""Nichtständige Wohnbevölkerung"";133"
"2011;"">> Bezirk Unterklettgau"";""Ständige Wohnbevölkerung"";4759"
"2011;"">> Bezirk Unterklettgau"";""Nichtständige Wohnbevölkerung"";27"
"2011;"">> Bezirk Hinterland"";""Ständige Wohnbevölkerung"";23562"
"2011;"">> Bezirk Hinterland"";""Nichtständige Wohnbevölkerung"";84"
"2011;"">> Bezirk Mittelland"";""Ständige Wohnbevölkerung"";16441"
"2011;"">> Bezirk Mittelland"";""Nichtständige Wohnbevölkerung"";52"
"2011;"">> Bezirk Vorderland"";""Ständige Wohnbevölkerung"";13310"
"2011;"">> Bezirk Vorderland"";""Nichtständige Wohnbevölkerung"";117"
"2011;"">> Kanton Appenzell Innerrhoden"";""Ständige Wohnbevölkerung"";15743"
"2011;"">> Kanton Appenzell Innerrhoden"";""Nichtständige Wohnbevölkerung"";51"
"2011;"">> Wahlkreis St. Gallen"";""Ständige Wohnbevölkerung"";118761"
"2011;"">> Wahlkreis St. Gallen"";""Nichtständige Wohnbevölkerung"";742"
"2011;"">> Wahlkreis Rorschach"";""Ständige Wohnbevölkerung"";41275"
"2011;"">> Wahlkreis Rorschach"";""Nichtständige Wohnbevölkerung"";368"
"2011;"">> Wahlkreis Rheintal"";""Ständige Wohnbevölkerung"";68238"
"2011;"">> Wahlkreis Rheintal"";""Nichtständige Wohnbevölkerung"";618"
"2011;"">> Wahlkreis Werdenberg"";""Ständige Wohnbevölkerung"";36091"
"2011;"">> Wahlkreis Werdenberg"";""Nichtständige Wohnbevölkerung"";228"
"2011;"">> Wahlkreis Sarganserland"";""Ständige Wohnbevölkerung"";38421"
"2011;"">> Wahlkreis Sarganserland"";""Nichtständige Wohnbevölkerung"";271"
"2011;"">> Wahlkreis See-Gaster"";""Ständige Wohnbevölkerung"";63106"
"2011;"">> Wahlkreis See-Gaster"";""Nichtständige Wohnbevölkerung"";328"
"2011;"">> Wahlkreis Toggenburg"";""Ständige Wohnbevölkerung"";45070"
"2011;"">> Wahlkreis Toggenburg"";""Nichtständige Wohnbevölkerung"";285"
"2011;"">> Wahlkreis Wil"";""Ständige Wohnbevölkerung"";72194"
"2011;"">> Wahlkreis Wil"";""Nichtständige Wohnbevölkerung"";384"
"2011;"">> Bezirk Albula"";""Ständige Wohnbevölkerung"";8160"
"2011;"">> Bezirk Albula"";""Nichtständige Wohnbevölkerung"";501"
"2011;"">> Distretto di Bernina"";""Ständige Wohnbevölkerung"";4703"
"2011;"">> Distretto di Bernina"";""Nichtständige Wohnbevölkerung"";52"
"2011;"">> Bezirk Hinterrhein"";""Ständige Wohnbevölkerung"";12774"
"2011;"">> Bezirk Hinterrhein"";""Nichtständige Wohnbevölkerung"";173"
"2011;"">> Bezirk Imboden"";""Ständige Wohnbevölkerung"";18993"
"2011;"">> Bezirk Imboden"";""Nichtständige Wohnbevölkerung"";310"
"2011;"">> Bezirk Inn"";""Ständige Wohnbevölkerung"";9576"
"2011;"">> Bezirk Inn"";""Nichtständige Wohnbevölkerung"";773"
"2011;"">> Bezirk Landquart"";""Ständige Wohnbevölkerung"";24331"
"2011;"">> Bezirk Landquart"";""Nichtständige Wohnbevölkerung"";126"
"2011;"">> Bezirk Maloja / Distretto di Maloggia"";""Ständige Wohnbevölkerung"";18830"
"2011;"">> Bezirk Maloja / Distretto di Maloggia"";""Nichtständige Wohnbevölkerung"";2829"
"2011;"">> Distretto di Moesa"";""Ständige Wohnbevölkerung"";7997"
"2011;"">> Distretto di Moesa"";""Nichtständige Wohnbevölkerung"";77"
"2011;"">> Bezirk Plessur"";""Ständige Wohnbevölkerung"";40256"
"2011;"">> Bezirk Plessur"";""Nichtständige Wohnbevölkerung"";1427"
"2011;"">> Bezirk Prättigau-Davos"";""Ständige Wohnbevölkerung"";26184"
"2011;"">> Bezirk Prättigau-Davos"";""Nichtständige Wohnbevölkerung"";1357"
"2011;"">> Bezirk Surselva"";""Ständige Wohnbevölkerung"";21584"
"2011;"">> Bezirk Surselva"";""Nichtständige Wohnbevölkerung"";783"
"2011;"">> Bezirk Aarau"";""Ständige Wohnbevölkerung"";71745"
"2011;"">> Bezirk Aarau"";""Nichtständige Wohnbevölkerung"";659"
"2011;"">> Bezirk Baden"";""Ständige Wohnbevölkerung"";132740"
"2011;"">> Bezirk Baden"";""Nichtständige Wohnbevölkerung"";1278"
"2011;"">> Bezirk Bremgarten"";""Ständige Wohnbevölkerung"";69952"
"2011;"">> Bezirk Bremgarten"";""Nichtständige Wohnbevölkerung"";297"
"2011;"">> Bezirk Brugg"";""Ständige Wohnbevölkerung"";47062"
"2011;"">> Bezirk Brugg"";""Nichtständige Wohnbevölkerung"";322"
"2011;"">> Bezirk Kulm"";""Ständige Wohnbevölkerung"";38130"
"2011;"">> Bezirk Kulm"";""Nichtständige Wohnbevölkerung"";345"
"2011;"">> Bezirk Laufenburg"";""Ständige Wohnbevölkerung"";29654"
"2011;"">> Bezirk Laufenburg"";""Nichtständige Wohnbevölkerung"";179"
"2011;"">> Bezirk Lenzburg"";""Ständige Wohnbevölkerung"";54248"
"2011;"">> Bezirk Lenzburg"";""Nichtständige Wohnbevölkerung"";299"
"2011;"">> Bezirk Muri"";""Ständige Wohnbevölkerung"";32843"
"2011;"">> Bezirk Muri"";""Nichtständige Wohnbevölkerung"";193"
"2011;"">> Bezirk Rheinfelden"";""Ständige Wohnbevölkerung"";44208"
"2011;"">> Bezirk Rheinfelden"";""Nichtständige Wohnbevölkerung"";457"
"2011;"">> Bezirk Zofingen"";""Ständige Wohnbevölkerung"";65550"
"2011;"">> Bezirk Zofingen"";""Nichtständige Wohnbevölkerung"";458"
"2011;"">> Bezirk Zurzach"";""Ständige Wohnbevölkerung"";32166"
"2011;"">> Bezirk Zurzach"";""Nichtständige Wohnbevölkerung"";401"
"2011;"">> Bezirk Arbon"";""Ständige Wohnbevölkerung"";52633"
"2011;"">> Bezirk Arbon"";""Nichtständige Wohnbevölkerung"";505"
"2011;"">> Bezirk Frauenfeld"";""Ständige Wohnbevölkerung"";62415"
"2011;"">> Bezirk Frauenfeld"";""Nichtständige Wohnbevölkerung"";641"
"2011;"">> Bezirk Kreuzlingen"";""Ständige Wohnbevölkerung"";43258"
"2011;"">> Bezirk Kreuzlingen"";""Nichtständige Wohnbevölkerung"";593"
"2011;"">> Bezirk Münchwilen"";""Ständige Wohnbevölkerung"";42815"
"2011;"">> Bezirk Münchwilen"";""Nichtständige Wohnbevölkerung"";153"
"2011;"">> Bezirk Weinfelden"";""Ständige Wohnbevölkerung"";50852"
"2011;"">> Bezirk Weinfelden"";""Nichtständige Wohnbevölkerung"";460"
"2011;"">> Distretto di Bellinzona"";""Ständige Wohnbevölkerung"";48871"
"2011;"">> Distretto di Bellinzona"";""Nichtständige Wohnbevölkerung"";242"
"2011;"">> Distretto di Blenio"";""Ständige Wohnbevölkerung"";5477"
"2011;"">> Distretto di Blenio"";""Nichtständige Wohnbevölkerung"";37"
"2011;"">> Distretto di Leventina"";""Ständige Wohnbevölkerung"";9554"
"2011;"">> Distretto di Leventina"";""Nichtständige Wohnbevölkerung"";109"
"2011;"">> Distretto di Locarno"";""Ständige Wohnbevölkerung"";62275"
"2011;"">> Distretto di Locarno"";""Nichtständige Wohnbevölkerung"";336"
"2011;"">> Distretto di Lugano"";""Ständige Wohnbevölkerung"";143390"
"2011;"">> Distretto di Lugano"";""Nichtständige Wohnbevölkerung"";1130"
"2011;"">> Distretto di Mendrisio"";""Ständige Wohnbevölkerung"";49022"
"2011;"">> Distretto di Mendrisio"";""Nichtständige Wohnbevölkerung"";410"
"2011;"">> Distretto di Riviera"";""Ständige Wohnbevölkerung"";12559"
"2011;"">> Distretto di Riviera"";""Nichtständige Wohnbevölkerung"";59"
"2011;"">> Distretto di Vallemaggia"";""Ständige Wohnbevölkerung"";5795"
"2011;"">> Distretto di Vallemaggia"";""Nichtständige Wohnbevölkerung"";13"
"2011;"">> District d'Aigle"";""Ständige Wohnbevölkerung"";41063"
"2011;"">> District d'Aigle"";""Nichtständige Wohnbevölkerung"";945"
"2011;"">> District de la Broye-Vully"";""Ständige Wohnbevölkerung"";37243"
"2011;"">> District de la Broye-Vully"";""Nichtständige Wohnbevölkerung"";377"
"2011;"">> District du Gros-de-Vaud"";""Ständige Wohnbevölkerung"";38984"
"2011;"">> District du Gros-de-Vaud"";""Nichtständige Wohnbevölkerung"";183"
"2011;"">> District du Jura-Nord vaudois"";""Ständige Wohnbevölkerung"";83028"
"2011;"">> District du Jura-Nord vaudois"";""Nichtständige Wohnbevölkerung"";725"
"2011;"">> District de Lausanne"";""Ständige Wohnbevölkerung"";152817"
"2011;"">> District de Lausanne"";""Nichtständige Wohnbevölkerung"";2501"
"2011;"">> District de Lavaux-Oron"";""Ständige Wohnbevölkerung"";56645"
"2011;"">> District de Lavaux-Oron"";""Nichtständige Wohnbevölkerung"";311"
"2011;"">> District de Morges"";""Ständige Wohnbevölkerung"";74927"
"2011;"">> District de Morges"";""Nichtständige Wohnbevölkerung"";429"
"2011;"">> District de Nyon"";""Ständige Wohnbevölkerung"";91478"
"2011;"">> District de Nyon"";""Nichtständige Wohnbevölkerung"";730"
"2011;"">> District de l'Ouest lausannois"";""Ständige Wohnbevölkerung"";69366"
"2011;"">> District de l'Ouest lausannois"";""Nichtständige Wohnbevölkerung"";1100"
"2011;"">> District de la Riviera-Pays-d'Enhaut"";""Ständige Wohnbevölkerung"";80393"
"2011;"">> District de la Riviera-Pays-d'Enhaut"";""Nichtständige Wohnbevölkerung"";1359"
"2011;"">> Bezirk Brig"";""Ständige Wohnbevölkerung"";25137"
"2011;"">> Bezirk Brig"";""Nichtständige Wohnbevölkerung"";195"
"2011;"">> District de Conthey"";""Ständige Wohnbevölkerung"";24824"
"2011;"">> District de Conthey"";""Nichtständige Wohnbevölkerung"";477"
"2011;"">> District d'Entremont"";""Ständige Wohnbevölkerung"";14410"
"2011;"">> District d'Entremont"";""Nichtständige Wohnbevölkerung"";1168"
"2011;"">> Bezirk Goms"";""Ständige Wohnbevölkerung"";4716"
"2011;"">> Bezirk Goms"";""Nichtständige Wohnbevölkerung"";188"
"2011;"">> District d'Hérens"";""Ständige Wohnbevölkerung"";10542"
"2011;"">> District d'Hérens"";""Nichtständige Wohnbevölkerung"";242"
"2011;"">> Bezirk Leuk"";""Ständige Wohnbevölkerung"";12249"
"2011;"">> Bezirk Leuk"";""Nichtständige Wohnbevölkerung"";244"
"2011;"">> District de Martigny"";""Ständige Wohnbevölkerung"";42257"
"2011;"">> District de Martigny"";""Nichtständige Wohnbevölkerung"";622"
"2011;"">> District de Monthey"";""Ständige Wohnbevölkerung"";41694"
"2011;"">> District de Monthey"";""Nichtständige Wohnbevölkerung"";523"
"2011;"">> Bezirk Raron"";""Ständige Wohnbevölkerung"";10842"
"2011;"">> Bezirk Raron"";""Nichtständige Wohnbevölkerung"";264"
"2011;"">> District de Saint-Maurice"";""Ständige Wohnbevölkerung"";12559"
"2011;"">> District de Saint-Maurice"";""Nichtständige Wohnbevölkerung"";177"
"2011;"">> District de Sierre"";""Ständige Wohnbevölkerung"";46644"
"2011;"">> District de Sierre"";""Nichtständige Wohnbevölkerung"";1034"
"2011;"">> District de Sion"";""Ständige Wohnbevölkerung"";42959"
"2011;"">> District de Sion"";""Nichtständige Wohnbevölkerung"";479"
"2011;"">> Bezirk Visp"";""Ständige Wohnbevölkerung"";28189"
"2011;"">> Bezirk Visp"";""Nichtständige Wohnbevölkerung"";2208"
"2011;"">> District de Boudry"";""Ständige Wohnbevölkerung"";38845"
"2011;"">> District de Boudry"";""Nichtständige Wohnbevölkerung"";174"
"2011;"">> District de la Chaux-de-Fonds"";""Ständige Wohnbevölkerung"";39034"
"2011;"">> District de la Chaux-de-Fonds"";""Nichtständige Wohnbevölkerung"";254"
"2011;"">> District du Locle"";""Ständige Wohnbevölkerung"";14108"
"2011;"">> District du Locle"";""Nichtständige Wohnbevölkerung"";61"
"2011;"">> District de Neuchâtel"";""Ständige Wohnbevölkerung"";53223"
"2011;"">> District de Neuchâtel"";""Nichtständige Wohnbevölkerung"";444"
"2011;"">> District du Val-de-Ruz"";""Ständige Wohnbevölkerung"";15993"
"2011;"">> District du Val-de-Ruz"";""Nichtständige Wohnbevölkerung"";150"
"2011;"">> District du Val-de-Travers"";""Ständige Wohnbevölkerung"";11980"
"2011;"">> District du Val-de-Travers"";""Nichtständige Wohnbevölkerung"";107"
"2011;"">> Canton de Genève"";""Ständige Wohnbevölkerung"";460534"
"2011;"">> Canton de Genève"";""Nichtständige Wohnbevölkerung"";3830"
"2011;"">> District de Delémont"";""Ständige Wohnbevölkerung"";36330"
"2011;"">> District de Delémont"";""Nichtständige Wohnbevölkerung"";201"
"2011;"">> District des Franches-Montagnes"";""Ständige Wohnbevölkerung"";10028"
"2011;"">> District des Franches-Montagnes"";""Nichtständige Wohnbevölkerung"";75"
"2011;"">> District de Porrentruy"";""Ständige Wohnbevölkerung"";24184"
"2011;"">> District de Porrentruy"";""Nichtständige Wohnbevölkerung"";79"
"2012;""Schweiz"";""Ständige Wohnbevölkerung"";8039060"
"2012;""Schweiz"";""Nichtständige Wohnbevölkerung"";84661"
"2012;"">> Bezirk Affoltern"";""Ständige Wohnbevölkerung"";49446"
"2012;"">> Bezirk Affoltern"";""Nichtständige Wohnbevölkerung"";220"
"2012;"">> Bezirk Andelfingen"";""Ständige Wohnbevölkerung"";30032"
"2012;"">> Bezirk Andelfingen"";""Nichtständige Wohnbevölkerung"";143"
"2012;"">> Bezirk Bülach"";""Ständige Wohnbevölkerung"";135985"
"2012;"">> Bezirk Bülach"";""Nichtständige Wohnbevölkerung"";1439"
"2012;"">> Bezirk Dielsdorf"";""Ständige Wohnbevölkerung"";82657"
"2012;"">> Bezirk Dielsdorf"";""Nichtständige Wohnbevölkerung"";435"
"2012;"">> Bezirk Hinwil"";""Ständige Wohnbevölkerung"";90740"
"2012;"">> Bezirk Hinwil"";""Nichtständige Wohnbevölkerung"";373"
"2012;"">> Bezirk Horgen"";""Ständige Wohnbevölkerung"";118718"
"2012;"">> Bezirk Horgen"";""Nichtständige Wohnbevölkerung"";700"
"2012;"">> Bezirk Meilen"";""Ständige Wohnbevölkerung"";98090"
"2012;"">> Bezirk Meilen"";""Nichtständige Wohnbevölkerung"";387"
"2012;"">> Bezirk Pfäffikon"";""Ständige Wohnbevölkerung"";57336"
"2012;"">> Bezirk Pfäffikon"";""Nichtständige Wohnbevölkerung"";310"
"2012;"">> Bezirk Uster"";""Ständige Wohnbevölkerung"";122862"
"2012;"">> Bezirk Uster"";""Nichtständige Wohnbevölkerung"";1012"
"2012;"">> Bezirk Winterthur"";""Ständige Wohnbevölkerung"";158162"
"2012;"">> Bezirk Winterthur"";""Nichtständige Wohnbevölkerung"";982"
"2012;"">> Bezirk Dietikon"";""Ständige Wohnbevölkerung"";83770"
"2012;"">> Bezirk Dietikon"";""Nichtständige Wohnbevölkerung"";665"
"2012;"">> Bezirk Zürich"";""Ständige Wohnbevölkerung"";380777"
"2012;"">> Bezirk Zürich"";""Nichtständige Wohnbevölkerung"";6212"
"2012;"">> Arrondissement administratif Jura bernois"";""Ständige Wohnbevölkerung"";52251"
"2012;"">> Arrondissement administratif Jura bernois"";""Nichtständige Wohnbevölkerung"";414"
"2012;"">> Verwaltungskreis Biel/Bienne"";""Ständige Wohnbevölkerung"";95718"
"2012;"">> Verwaltungskreis Biel/Bienne"";""Nichtständige Wohnbevölkerung"";932"
"2012;"">> Verwaltungskreis Seeland"";""Ständige Wohnbevölkerung"";69501"
"2012;"">> Verwaltungskreis Seeland"";""Nichtständige Wohnbevölkerung"";602"
"2012;"">> Verwaltungskreis Oberaargau"";""Ständige Wohnbevölkerung"";77964"
"2012;"">> Verwaltungskreis Oberaargau"";""Nichtständige Wohnbevölkerung"";451"
"2012;"">> Verwaltungskreis Emmental"";""Ständige Wohnbevölkerung"";94525"
"2012;"">> Verwaltungskreis Emmental"";""Nichtständige Wohnbevölkerung"";417"
"2012;"">> Verwaltungskreis Bern-Mittelland"";""Ständige Wohnbevölkerung"";395006"
"2012;"">> Verwaltungskreis Bern-Mittelland"";""Nichtständige Wohnbevölkerung"";3748"
"2012;"">> Verwaltungskreis Thun"";""Ständige Wohnbevölkerung"";104960"
"2012;"">> Verwaltungskreis Thun"";""Nichtständige Wohnbevölkerung"";390"
"2012;"">> Verwaltungskreis Obersimmental-Saanen"";""Ständige Wohnbevölkerung"";16697"
"2012;"">> Verwaltungskreis Obersimmental-Saanen"";""Nichtständige Wohnbevölkerung"";452"
"2012;"">> Verwaltungskreis Frutigen-Niedersimmental"";""Ständige Wohnbevölkerung"";39347"
"2012;"">> Verwaltungskreis Frutigen-Niedersimmental"";""Nichtständige Wohnbevölkerung"";260"
"2012;"">> Verwaltungskreis Interlaken-Oberhasli"";""Ständige Wohnbevölkerung"";46648"
"2012;"">> Verwaltungskreis Interlaken-Oberhasli"";""Nichtständige Wohnbevölkerung"";1096"
"2012;"">> Wahlkreis Luzern-Stadt"";""Ständige Wohnbevölkerung"";79478"
"2012;"">> Wahlkreis Luzern-Stadt"";""Nichtständige Wohnbevölkerung"";792"
"2012;"">> Wahlkreis Luzern-Land"";""Ständige Wohnbevölkerung"";97232"
"2012;"">> Wahlkreis Luzern-Land"";""Nichtständige Wohnbevölkerung"";702"
"2012;"">> Wahlkreis Hochdorf"";""Ständige Wohnbevölkerung"";67818"
"2012;"">> Wahlkreis Hochdorf"";""Nichtständige Wohnbevölkerung"";540"
"2012;"">> Wahlkreis Sursee"";""Ständige Wohnbevölkerung"";68230"
"2012;"">> Wahlkreis Sursee"";""Nichtständige Wohnbevölkerung"";391"
"2012;"">> Wahlkreis Willisau"";""Ständige Wohnbevölkerung"";50432"
"2012;"">> Wahlkreis Willisau"";""Nichtständige Wohnbevölkerung"";337"
"2012;"">> Wahlkreis Entlebuch"";""Ständige Wohnbevölkerung"";22892"
"2012;"">> Wahlkreis Entlebuch"";""Nichtständige Wohnbevölkerung"";160"
"2012;"">> Kanton Uri"";""Ständige Wohnbevölkerung"";35693"
"2012;"">> Kanton Uri"";""Nichtständige Wohnbevölkerung"";442"
"2012;"">> Bezirk Einsiedeln"";""Ständige Wohnbevölkerung"";14632"
"2012;"">> Bezirk Einsiedeln"";""Nichtständige Wohnbevölkerung"";159"
"2012;"">> Bezirk Gersau"";""Ständige Wohnbevölkerung"";2118"
"2012;"">> Bezirk Gersau"";""Nichtständige Wohnbevölkerung"";35"
"2012;"">> Bezirk Höfe"";""Ständige Wohnbevölkerung"";27754"
"2012;"">> Bezirk Höfe"";""Nichtständige Wohnbevölkerung"";348"
"2012;"">> Bezirk Küssnacht (SZ)"";""Ständige Wohnbevölkerung"";12401"
"2012;"">> Bezirk Küssnacht (SZ)"";""Nichtständige Wohnbevölkerung"";96"
"2012;"">> Bezirk March"";""Ständige Wohnbevölkerung"";40221"
"2012;"">> Bezirk March"";""Nichtständige Wohnbevölkerung"";365"
"2012;"">> Bezirk Schwyz"";""Ständige Wohnbevölkerung"";52704"
"2012;"">> Bezirk Schwyz"";""Nichtständige Wohnbevölkerung"";503"
"2012;"">> Kanton Obwalden"";""Ständige Wohnbevölkerung"";36115"
"2012;"">> Kanton Obwalden"";""Nichtständige Wohnbevölkerung"";423"
"2012;"">> Kanton Nidwalden"";""Ständige Wohnbevölkerung"";41584"
"2012;"">> Kanton Nidwalden"";""Nichtständige Wohnbevölkerung"";302"
"2012;"">> Kanton Glarus"";""Ständige Wohnbevölkerung"";39369"
"2012;"">> Kanton Glarus"";""Nichtständige Wohnbevölkerung"";674"
"2012;"">> Kanton Zug"";""Ständige Wohnbevölkerung"";116575"
"2012;"">> Kanton Zug"";""Nichtständige Wohnbevölkerung"";1500"
"2012;"">> District de la Broye"";""Ständige Wohnbevölkerung"";28448"
"2012;"">> District de la Broye"";""Nichtständige Wohnbevölkerung"";183"
"2012;"">> District de la Glâne"";""Ständige Wohnbevölkerung"";21790"
"2012;"">> District de la Glâne"";""Nichtständige Wohnbevölkerung"";103"
"2012;"">> District de la Gruyère"";""Ständige Wohnbevölkerung"";49022"
"2012;"">> District de la Gruyère"";""Nichtständige Wohnbevölkerung"";509"
"2012;"">> District de la Sarine"";""Ständige Wohnbevölkerung"";99245"
"2012;"">> District de la Sarine"";""Nichtständige Wohnbevölkerung"";1196"
"2012;"">> Bezirk See / District du Lac"";""Ständige Wohnbevölkerung"";33924"
"2012;"">> Bezirk See / District du Lac"";""Nichtständige Wohnbevölkerung"";274"
"2012;"">> Bezirk Sense"";""Ständige Wohnbevölkerung"";42014"
"2012;"">> Bezirk Sense"";""Nichtständige Wohnbevölkerung"";162"
"2012;"">> District de la Veveyse"";""Ständige Wohnbevölkerung"";16952"
"2012;"">> District de la Veveyse"";""Nichtständige Wohnbevölkerung"";78"
"2012;"">> Bezirk Gäu"";""Ständige Wohnbevölkerung"";19054"
"2012;"">> Bezirk Gäu"";""Nichtständige Wohnbevölkerung"";155"
"2012;"">> Bezirk Thal"";""Ständige Wohnbevölkerung"";14220"
"2012;"">> Bezirk Thal"";""Nichtständige Wohnbevölkerung"";79"
"2012;"">> Bezirk Bucheggberg"";""Ständige Wohnbevölkerung"";7560"
"2012;"">> Bezirk Bucheggberg"";""Nichtständige Wohnbevölkerung"";40"
"2012;"">> Bezirk Dorneck"";""Ständige Wohnbevölkerung"";19789"
"2012;"">> Bezirk Dorneck"";""Nichtständige Wohnbevölkerung"";120"
"2012;"">> Bezirk Gösgen"";""Ständige Wohnbevölkerung"";23433"
"2012;"">> Bezirk Gösgen"";""Nichtständige Wohnbevölkerung"";185"
"2012;"">> Bezirk Wasseramt"";""Ständige Wohnbevölkerung"";48962"
"2012;"">> Bezirk Wasseramt"";""Nichtständige Wohnbevölkerung"";225"
"2012;"">> Bezirk Lebern"";""Ständige Wohnbevölkerung"";43766"
"2012;"">> Bezirk Lebern"";""Nichtständige Wohnbevölkerung"";267"
"2012;"">> Bezirk Olten"";""Ständige Wohnbevölkerung"";52052"
"2012;"">> Bezirk Olten"";""Nichtständige Wohnbevölkerung"";497"
"2012;"">> Bezirk Solothurn"";""Ständige Wohnbevölkerung"";16465"
"2012;"">> Bezirk Solothurn"";""Nichtständige Wohnbevölkerung"";136"
"2012;"">> Bezirk Thierstein"";""Ständige Wohnbevölkerung"";13982"
"2012;"">> Bezirk Thierstein"";""Nichtständige Wohnbevölkerung"";64"
"2012;"">> Kanton Basel-Stadt"";""Ständige Wohnbevölkerung"";187425"
"2012;"">> Kanton Basel-Stadt"";""Nichtständige Wohnbevölkerung"";3315"
"2012;"">> Bezirk Arlesheim"";""Ständige Wohnbevölkerung"";150386"
"2012;"">> Bezirk Arlesheim"";""Nichtständige Wohnbevölkerung"";722"
"2012;"">> Bezirk Laufen"";""Ständige Wohnbevölkerung"";19057"
"2012;"">> Bezirk Laufen"";""Nichtständige Wohnbevölkerung"";101"
"2012;"">> Bezirk Liestal"";""Ständige Wohnbevölkerung"";57547"
"2012;"">> Bezirk Liestal"";""Nichtständige Wohnbevölkerung"";314"
"2012;"">> Bezirk Sissach"";""Ständige Wohnbevölkerung"";33991"
"2012;"">> Bezirk Sissach"";""Nichtständige Wohnbevölkerung"";142"
"2012;"">> Bezirk Waldenburg"";""Ständige Wohnbevölkerung"";15556"
"2012;"">> Bezirk Waldenburg"";""Nichtständige Wohnbevölkerung"";91"
"2012;"">> Bezirk Oberklettgau"";""Ständige Wohnbevölkerung"";4152"
"2012;"">> Bezirk Oberklettgau"";""Nichtständige Wohnbevölkerung"";13"
"2012;"">> Bezirk Reiat"";""Ständige Wohnbevölkerung"";8267"
"2012;"">> Bezirk Reiat"";""Nichtständige Wohnbevölkerung"";61"
"2012;"">> Bezirk Schaffhausen"";""Ständige Wohnbevölkerung"";52344"
"2012;"">> Bezirk Schaffhausen"";""Nichtständige Wohnbevölkerung"";481"
"2012;"">> Bezirk Schleitheim"";""Ständige Wohnbevölkerung"";3007"
"2012;"">> Bezirk Schleitheim"";""Nichtständige Wohnbevölkerung"";34"
"2012;"">> Bezirk Stein"";""Ständige Wohnbevölkerung"";5391"
"2012;"">> Bezirk Stein"";""Nichtständige Wohnbevölkerung"";127"
"2012;"">> Bezirk Unterklettgau"";""Ständige Wohnbevölkerung"";4794"
"2012;"">> Bezirk Unterklettgau"";""Nichtständige Wohnbevölkerung"";17"
"2012;"">> Bezirk Hinterland"";""Ständige Wohnbevölkerung"";23540"
"2012;"">> Bezirk Hinterland"";""Nichtständige Wohnbevölkerung"";94"
"2012;"">> Bezirk Mittelland"";""Ständige Wohnbevölkerung"";16560"
"2012;"">> Bezirk Mittelland"";""Nichtständige Wohnbevölkerung"";62"
"2012;"">> Bezirk Vorderland"";""Ständige Wohnbevölkerung"";13338"
"2012;"">> Bezirk Vorderland"";""Nichtständige Wohnbevölkerung"";130"
"2012;"">> Kanton Appenzell Innerrhoden"";""Ständige Wohnbevölkerung"";15717"
"2012;"">> Kanton Appenzell Innerrhoden"";""Nichtständige Wohnbevölkerung"";77"
"2012;"">> Wahlkreis St. Gallen"";""Ständige Wohnbevölkerung"";119598"
"2012;"">> Wahlkreis St. Gallen"";""Nichtständige Wohnbevölkerung"";871"
"2012;"">> Wahlkreis Rorschach"";""Ständige Wohnbevölkerung"";41585"
"2012;"">> Wahlkreis Rorschach"";""Nichtständige Wohnbevölkerung"";360"
"2012;"">> Wahlkreis Rheintal"";""Ständige Wohnbevölkerung"";68792"
"2012;"">> Wahlkreis Rheintal"";""Nichtständige Wohnbevölkerung"";769"
"2012;"">> Wahlkreis Werdenberg"";""Ständige Wohnbevölkerung"";36447"
"2012;"">> Wahlkreis Werdenberg"";""Nichtständige Wohnbevölkerung"";261"
"2012;"">> Wahlkreis Sarganserland"";""Ständige Wohnbevölkerung"";39077"
"2012;"">> Wahlkreis Sarganserland"";""Nichtständige Wohnbevölkerung"";298"
"2012;"">> Wahlkreis See-Gaster"";""Ständige Wohnbevölkerung"";63669"
"2012;"">> Wahlkreis See-Gaster"";""Nichtständige Wohnbevölkerung"";340"
"2012;"">> Wahlkreis Toggenburg"";""Ständige Wohnbevölkerung"";45084"
"2012;"">> Wahlkreis Toggenburg"";""Nichtständige Wohnbevölkerung"";364"
"2012;"">> Wahlkreis Wil"";""Ständige Wohnbevölkerung"";72808"
"2012;"">> Wahlkreis Wil"";""Nichtständige Wohnbevölkerung"";416"
"2012;"">> Bezirk Albula"";""Ständige Wohnbevölkerung"";8212"
"2012;"">> Bezirk Albula"";""Nichtständige Wohnbevölkerung"";546"
"2012;"">> Distretto di Bernina"";""Ständige Wohnbevölkerung"";4690"
"2012;"">> Distretto di Bernina"";""Nichtständige Wohnbevölkerung"";44"
"2012;"">> Bezirk Hinterrhein"";""Ständige Wohnbevölkerung"";13003"
"2012;"">> Bezirk Hinterrhein"";""Nichtständige Wohnbevölkerung"";244"
"2012;"">> Bezirk Imboden"";""Ständige Wohnbevölkerung"";19181"
"2012;"">> Bezirk Imboden"";""Nichtständige Wohnbevölkerung"";339"
"2012;"">> Bezirk Inn"";""Ständige Wohnbevölkerung"";9574"
"2012;"">> Bezirk Inn"";""Nichtständige Wohnbevölkerung"";749"
"2012;"">> Bezirk Landquart"";""Ständige Wohnbevölkerung"";24517"
"2012;"">> Bezirk Landquart"";""Nichtständige Wohnbevölkerung"";134"
"2012;"">> Bezirk Maloja / Distretto di Maloggia"";""Ständige Wohnbevölkerung"";18733"
"2012;"">> Bezirk Maloja / Distretto di Maloggia"";""Nichtständige Wohnbevölkerung"";2630"
"2012;"">> Distretto di Moesa"";""Ständige Wohnbevölkerung"";8146"
"2012;"">> Distretto di Moesa"";""Nichtständige Wohnbevölkerung"";98"
"2012;"">> Bezirk Plessur"";""Ständige Wohnbevölkerung"";40293"
"2012;"">> Bezirk Plessur"";""Nichtständige Wohnbevölkerung"";1414"
"2012;"">> Bezirk Prättigau-Davos"";""Ständige Wohnbevölkerung"";26236"
"2012;"">> Bezirk Prättigau-Davos"";""Nichtständige Wohnbevölkerung"";1293"
"2012;"">> Bezirk Surselva"";""Ständige Wohnbevölkerung"";21335"
"2012;"">> Bezirk Surselva"";""Nichtständige Wohnbevölkerung"";761"
"2012;"">> Bezirk Aarau"";""Ständige Wohnbevölkerung"";72852"
"2012;"">> Bezirk Aarau"";""Nichtständige Wohnbevölkerung"";689"
"2012;"">> Bezirk Baden"";""Ständige Wohnbevölkerung"";134756"
"2012;"">> Bezirk Baden"";""Nichtständige Wohnbevölkerung"";1032"
"2012;"">> Bezirk Bremgarten"";""Ständige Wohnbevölkerung"";71354"
"2012;"">> Bezirk Bremgarten"";""Nichtständige Wohnbevölkerung"";324"
"2012;"">> Bezirk Brugg"";""Ständige Wohnbevölkerung"";47487"
"2012;"">> Bezirk Brugg"";""Nichtständige Wohnbevölkerung"";367"
"2012;"">> Bezirk Kulm"";""Ständige Wohnbevölkerung"";38405"
"2012;"">> Bezirk Kulm"";""Nichtständige Wohnbevölkerung"";332"
"2012;"">> Bezirk Laufenburg"";""Ständige Wohnbevölkerung"";30102"
"2012;"">> Bezirk Laufenburg"";""Nichtständige Wohnbevölkerung"";157"
"2012;"">> Bezirk Lenzburg"";""Ständige Wohnbevölkerung"";55244"
"2012;"">> Bezirk Lenzburg"";""Nichtständige Wohnbevölkerung"";215"
"2012;"">> Bezirk Muri"";""Ständige Wohnbevölkerung"";33276"
"2012;"">> Bezirk Muri"";""Nichtständige Wohnbevölkerung"";199"
"2012;"">> Bezirk Rheinfelden"";""Ständige Wohnbevölkerung"";45012"
"2012;"">> Bezirk Rheinfelden"";""Nichtständige Wohnbevölkerung"";343"
"2012;"">> Bezirk Zofingen"";""Ständige Wohnbevölkerung"";66458"
"2012;"">> Bezirk Zofingen"";""Nichtständige Wohnbevölkerung"";373"
"2012;"">> Bezirk Zurzach"";""Ständige Wohnbevölkerung"";32394"
"2012;"">> Bezirk Zurzach"";""Nichtständige Wohnbevölkerung"";432"
"2012;"">> Bezirk Arbon"";""Ständige Wohnbevölkerung"";53327"
"2012;"">> Bezirk Arbon"";""Nichtständige Wohnbevölkerung"";451"
"2012;"">> Bezirk Frauenfeld"";""Ständige Wohnbevölkerung"";63296"
"2012;"">> Bezirk Frauenfeld"";""Nichtständige Wohnbevölkerung"";647"
"2012;"">> Bezirk Kreuzlingen"";""Ständige Wohnbevölkerung"";44220"
"2012;"">> Bezirk Kreuzlingen"";""Nichtständige Wohnbevölkerung"";634"
"2012;"">> Bezirk Münchwilen"";""Ständige Wohnbevölkerung"";43614"
"2012;"">> Bezirk Münchwilen"";""Nichtständige Wohnbevölkerung"";197"
"2012;"">> Bezirk Weinfelden"";""Ständige Wohnbevölkerung"";51756"
"2012;"">> Bezirk Weinfelden"";""Nichtständige Wohnbevölkerung"";502"
"2012;"">> Distretto di Bellinzona"";""Ständige Wohnbevölkerung"";49473"
"2012;"">> Distretto di Bellinzona"";""Nichtständige Wohnbevölkerung"";201"
"2012;"">> Distretto di Blenio"";""Ständige Wohnbevölkerung"";5591"
"2012;"">> Distretto di Blenio"";""Nichtständige Wohnbevölkerung"";27"
"2012;"">> Distretto di Leventina"";""Ständige Wohnbevölkerung"";9524"
"2012;"">> Distretto di Leventina"";""Nichtständige Wohnbevölkerung"";86"
"2012;"">> Distretto di Locarno"";""Ständige Wohnbevölkerung"";62787"
"2012;"">> Distretto di Locarno"";""Nichtständige Wohnbevölkerung"";358"
"2012;"">> Distretto di Lugano"";""Ständige Wohnbevölkerung"";146045"
"2012;"">> Distretto di Lugano"";""Nichtständige Wohnbevölkerung"";1142"
"2012;"">> Distretto di Mendrisio"";""Ständige Wohnbevölkerung"";49557"
"2012;"">> Distretto di Mendrisio"";""Nichtständige Wohnbevölkerung"";417"
"2012;"">> Distretto di Riviera"";""Ständige Wohnbevölkerung"";12731"
"2012;"">> Distretto di Riviera"";""Nichtständige Wohnbevölkerung"";54"
"2012;"">> Distretto di Vallemaggia"";""Ständige Wohnbevölkerung"";5944"
"2012;"">> Distretto di Vallemaggia"";""Nichtständige Wohnbevölkerung"";15"
"2012;"">> District d'Aigle"";""Ständige Wohnbevölkerung"";41736"
"2012;"">> District d'Aigle"";""Nichtständige Wohnbevölkerung"";909"
"2012;"">> District de la Broye-Vully"";""Ständige Wohnbevölkerung"";38418"
"2012;"">> District de la Broye-Vully"";""Nichtständige Wohnbevölkerung"";446"
"2012;"">> District du Gros-de-Vaud"";""Ständige Wohnbevölkerung"";39840"
"2012;"">> District du Gros-de-Vaud"";""Nichtständige Wohnbevölkerung"";213"
"2012;"">> District du Jura-Nord vaudois"";""Ständige Wohnbevölkerung"";84533"
"2012;"">> District du Jura-Nord vaudois"";""Nichtständige Wohnbevölkerung"";878"
"2012;"">> District de Lausanne"";""Ständige Wohnbevölkerung"";154096"
"2012;"">> District de Lausanne"";""Nichtständige Wohnbevölkerung"";2706"
"2012;"">> District de Lavaux-Oron"";""Ständige Wohnbevölkerung"";57061"
"2012;"">> District de Lavaux-Oron"";""Nichtständige Wohnbevölkerung"";406"
"2012;"">> District de Morges"";""Ständige Wohnbevölkerung"";75725"
"2012;"">> District de Morges"";""Nichtständige Wohnbevölkerung"";619"
"2012;"">> District de Nyon"";""Ständige Wohnbevölkerung"";91834"
"2012;"">> District de Nyon"";""Nichtständige Wohnbevölkerung"";799"
"2012;"">> District de l'Ouest lausannois"";""Ständige Wohnbevölkerung"";69913"
"2012;"">> District de l'Ouest lausannois"";""Nichtständige Wohnbevölkerung"";1193"
"2012;"">> District de la Riviera-Pays-d'Enhaut"";""Ständige Wohnbevölkerung"";81200"
"2012;"">> District de la Riviera-Pays-d'Enhaut"";""Nichtständige Wohnbevölkerung"";1565"
"2012;"">> Bezirk Brig"";""Ständige Wohnbevölkerung"";25583"
"2012;"">> Bezirk Brig"";""Nichtständige Wohnbevölkerung"";241"
"2012;"">> District de Conthey"";""Ständige Wohnbevölkerung"";25377"
"2012;"">> District de Conthey"";""Nichtständige Wohnbevölkerung"";699"
"2012;"">> District d'Entremont"";""Ständige Wohnbevölkerung"";14517"
"2012;"">> District d'Entremont"";""Nichtständige Wohnbevölkerung"";945"
"2012;"">> Bezirk Goms"";""Ständige Wohnbevölkerung"";4629"
"2012;"">> Bezirk Goms"";""Nichtständige Wohnbevölkerung"";189"
"2012;"">> District d'Hérens"";""Ständige Wohnbevölkerung"";10623"
"2012;"">> District d'Hérens"";""Nichtständige Wohnbevölkerung"";202"
"2012;"">> Bezirk Leuk"";""Ständige Wohnbevölkerung"";12320"
"2012;"">> Bezirk Leuk"";""Nichtständige Wohnbevölkerung"";217"
"2012;"">> District de Martigny"";""Ständige Wohnbevölkerung"";43453"
"2012;"">> District de Martigny"";""Nichtständige Wohnbevölkerung"";747"
"2012;"">> District de Monthey"";""Ständige Wohnbevölkerung"";42278"
"2012;"">> District de Monthey"";""Nichtständige Wohnbevölkerung"";580"
"2012;"">> Bezirk Raron"";""Ständige Wohnbevölkerung"";10826"
"2012;"">> Bezirk Raron"";""Nichtständige Wohnbevölkerung"";326"
"2012;"">> District de Saint-Maurice"";""Ständige Wohnbevölkerung"";12931"
"2012;"">> District de Saint-Maurice"";""Nichtständige Wohnbevölkerung"";220"
"2012;"">> District de Sierre"";""Ständige Wohnbevölkerung"";47198"
"2012;"">> District de Sierre"";""Nichtständige Wohnbevölkerung"";1145"
"2012;"">> District de Sion"";""Ständige Wohnbevölkerung"";43759"
"2012;"">> District de Sion"";""Nichtständige Wohnbevölkerung"";438"
"2012;"">> Bezirk Visp"";""Ständige Wohnbevölkerung"";28238"
"2012;"">> Bezirk Visp"";""Nichtständige Wohnbevölkerung"";2216"
"2012;"">> District de Boudry"";""Ständige Wohnbevölkerung"";39133"
"2012;"">> District de Boudry"";""Nichtständige Wohnbevölkerung"";325"
"2012;"">> District de la Chaux-de-Fonds"";""Ständige Wohnbevölkerung"";39448"
"2012;"">> District de la Chaux-de-Fonds"";""Nichtständige Wohnbevölkerung"";343"
"2012;"">> District du Locle"";""Ständige Wohnbevölkerung"";14247"
"2012;"">> District du Locle"";""Nichtständige Wohnbevölkerung"";115"
"2012;"">> District de Neuchâtel"";""Ständige Wohnbevölkerung"";53323"
"2012;"">> District de Neuchâtel"";""Nichtständige Wohnbevölkerung"";524"
"2012;"">> District du Val-de-Ruz"";""Ständige Wohnbevölkerung"";16405"
"2012;"">> District du Val-de-Ruz"";""Nichtständige Wohnbevölkerung"";171"
"2012;"">> District du Val-de-Travers"";""Ständige Wohnbevölkerung"";11998"
"2012;"">> District du Val-de-Travers"";""Nichtständige Wohnbevölkerung"";115"
"2012;"">> Canton de Genève"";""Ständige Wohnbevölkerung"";463101"
"2012;"">> Canton de Genève"";""Nichtständige Wohnbevölkerung"";4107"
"2012;"">> District de Delémont"";""Ständige Wohnbevölkerung"";36609"
"2012;"">> District de Delémont"";""Nichtständige Wohnbevölkerung"";269"
"2012;"">> District des Franches-Montagnes"";""Ständige Wohnbevölkerung"";10070"
"2012;"">> District des Franches-Montagnes"";""Nichtständige Wohnbevölkerung"";80"
"2012;"">> District de Porrentruy"";""Ständige Wohnbevölkerung"";24263"
"2012;"">> District de Porrentruy"";""Nichtständige Wohnbevölkerung"";125"
"2013;""Schweiz"";""Ständige Wohnbevölkerung"";8139631"
"2013;""Schweiz"";""Nichtständige Wohnbevölkerung"";82696"
"2013;"">> Bezirk Affoltern"";""Ständige Wohnbevölkerung"";49965"
"2013;"">> Bezirk Affoltern"";""Nichtständige Wohnbevölkerung"";190"
"2013;"">> Bezirk Andelfingen"";""Ständige Wohnbevölkerung"";30346"
"2013;"">> Bezirk Andelfingen"";""Nichtständige Wohnbevölkerung"";126"
"2013;"">> Bezirk Bülach"";""Ständige Wohnbevölkerung"";138316"
"2013;"">> Bezirk Bülach"";""Nichtständige Wohnbevölkerung"";1394"
"2013;"">> Bezirk Dielsdorf"";""Ständige Wohnbevölkerung"";84164"
"2013;"">> Bezirk Dielsdorf"";""Nichtständige Wohnbevölkerung"";521"
"2013;"">> Bezirk Hinwil"";""Ständige Wohnbevölkerung"";91500"
"2013;"">> Bezirk Hinwil"";""Nichtständige Wohnbevölkerung"";369"
"2013;"">> Bezirk Horgen"";""Ständige Wohnbevölkerung"";120048"
"2013;"">> Bezirk Horgen"";""Nichtständige Wohnbevölkerung"";786"
"2013;"">> Bezirk Meilen"";""Ständige Wohnbevölkerung"";98852"
"2013;"">> Bezirk Meilen"";""Nichtständige Wohnbevölkerung"";418"
"2013;"">> Bezirk Pfäffikon"";""Ständige Wohnbevölkerung"";57877"
"2013;"">> Bezirk Pfäffikon"";""Nichtständige Wohnbevölkerung"";266"
"2013;"">> Bezirk Uster"";""Ständige Wohnbevölkerung"";124494"
"2013;"">> Bezirk Uster"";""Nichtständige Wohnbevölkerung"";852"
"2013;"">> Bezirk Winterthur"";""Ständige Wohnbevölkerung"";160041"
"2013;"">> Bezirk Winterthur"";""Nichtständige Wohnbevölkerung"";871"
"2013;"">> Bezirk Dietikon"";""Ständige Wohnbevölkerung"";85149"
"2013;"">> Bezirk Dietikon"";""Nichtständige Wohnbevölkerung"";580"
"2013;"">> Bezirk Zürich"";""Ständige Wohnbevölkerung"";384786"
"2013;"">> Bezirk Zürich"";""Nichtständige Wohnbevölkerung"";6844"
"2013;"">> Arrondissement administratif Jura bernois"";""Ständige Wohnbevölkerung"";52775"
"2013;"">> Arrondissement administratif Jura bernois"";""Nichtständige Wohnbevölkerung"";407"
"2013;"">> Verwaltungskreis Biel/Bienne"";""Ständige Wohnbevölkerung"";96842"
"2013;"">> Verwaltungskreis Biel/Bienne"";""Nichtständige Wohnbevölkerung"";842"
"2013;"">> Verwaltungskreis Seeland"";""Ständige Wohnbevölkerung"";70383"
"2013;"">> Verwaltungskreis Seeland"";""Nichtständige Wohnbevölkerung"";490"
"2013;"">> Verwaltungskreis Oberaargau"";""Ständige Wohnbevölkerung"";78508"
"2013;"">> Verwaltungskreis Oberaargau"";""Nichtständige Wohnbevölkerung"";457"
"2013;"">> Verwaltungskreis Emmental"";""Ständige Wohnbevölkerung"";95100"
"2013;"">> Verwaltungskreis Emmental"";""Nichtständige Wohnbevölkerung"";331"
"2013;"">> Verwaltungskreis Bern-Mittelland"";""Ständige Wohnbevölkerung"";399002"
"2013;"">> Verwaltungskreis Bern-Mittelland"";""Nichtständige Wohnbevölkerung"";2501"
"2013;"">> Verwaltungskreis Thun"";""Ständige Wohnbevölkerung"";105564"
"2013;"">> Verwaltungskreis Thun"";""Nichtständige Wohnbevölkerung"";378"
"2013;"">> Verwaltungskreis Obersimmental-Saanen"";""Ständige Wohnbevölkerung"";16754"
"2013;"">> Verwaltungskreis Obersimmental-Saanen"";""Nichtständige Wohnbevölkerung"";470"
"2013;"">> Verwaltungskreis Frutigen-Niedersimmental"";""Ständige Wohnbevölkerung"";39491"
"2013;"">> Verwaltungskreis Frutigen-Niedersimmental"";""Nichtständige Wohnbevölkerung"";268"
"2013;"">> Verwaltungskreis Interlaken-Oberhasli"";""Ständige Wohnbevölkerung"";46862"
"2013;"">> Verwaltungskreis Interlaken-Oberhasli"";""Nichtständige Wohnbevölkerung"";1024"
"2013;"">> Wahlkreis Luzern-Stadt"";""Ständige Wohnbevölkerung"";80501"
"2013;"">> Wahlkreis Luzern-Stadt"";""Nichtständige Wohnbevölkerung"";850"
"2013;"">> Wahlkreis Luzern-Land"";""Ständige Wohnbevölkerung"";97958"
"2013;"">> Wahlkreis Luzern-Land"";""Nichtständige Wohnbevölkerung"";707"
"2013;"">> Wahlkreis Hochdorf"";""Ständige Wohnbevölkerung"";68692"
"2013;"">> Wahlkreis Hochdorf"";""Nichtständige Wohnbevölkerung"";671"
"2013;"">> Wahlkreis Sursee"";""Ständige Wohnbevölkerung"";69213"
"2013;"">> Wahlkreis Sursee"";""Nichtständige Wohnbevölkerung"";452"
"2013;"">> Wahlkreis Willisau"";""Ständige Wohnbevölkerung"";51009"
"2013;"">> Wahlkreis Willisau"";""Nichtständige Wohnbevölkerung"";393"
"2013;"">> Wahlkreis Entlebuch"";""Ständige Wohnbevölkerung"";22976"
"2013;"">> Wahlkreis Entlebuch"";""Nichtständige Wohnbevölkerung"";170"
"2013;"">> Kanton Uri"";""Ständige Wohnbevölkerung"";35865"
"2013;"">> Kanton Uri"";""Nichtständige Wohnbevölkerung"";515"
"2013;"">> Bezirk Einsiedeln"";""Ständige Wohnbevölkerung"";14878"
"2013;"">> Bezirk Einsiedeln"";""Nichtständige Wohnbevölkerung"";138"
"2013;"">> Bezirk Gersau"";""Ständige Wohnbevölkerung"";2169"
"2013;"">> Bezirk Gersau"";""Nichtständige Wohnbevölkerung"";31"
"2013;"">> Bezirk Höfe"";""Ständige Wohnbevölkerung"";27884"
"2013;"">> Bezirk Höfe"";""Nichtständige Wohnbevölkerung"";296"
"2013;"">> Bezirk Küssnacht (SZ)"";""Ständige Wohnbevölkerung"";12426"
"2013;"">> Bezirk Küssnacht (SZ)"";""Nichtständige Wohnbevölkerung"";135"
"2013;"">> Bezirk March"";""Ständige Wohnbevölkerung"";40908"
"2013;"">> Bezirk March"";""Nichtständige Wohnbevölkerung"";350"
"2013;"">> Bezirk Schwyz"";""Ständige Wohnbevölkerung"";53131"
"2013;"">> Bezirk Schwyz"";""Nichtständige Wohnbevölkerung"";537"
"2013;"">> Kanton Obwalden"";""Ständige Wohnbevölkerung"";36507"
"2013;"">> Kanton Obwalden"";""Nichtständige Wohnbevölkerung"";406"
"2013;"">> Kanton Nidwalden"";""Ständige Wohnbevölkerung"";41888"
"2013;"">> Kanton Nidwalden"";""Nichtständige Wohnbevölkerung"";362"
"2013;"">> Kanton Glarus"";""Ständige Wohnbevölkerung"";39593"
"2013;"">> Kanton Glarus"";""Nichtständige Wohnbevölkerung"";567"
"2013;"">> Kanton Zug"";""Ständige Wohnbevölkerung"";118118"
"2013;"">> Kanton Zug"";""Nichtständige Wohnbevölkerung"";1596"
"2013;"">> District de la Broye"";""Ständige Wohnbevölkerung"";29246"
"2013;"">> District de la Broye"";""Nichtständige Wohnbevölkerung"";191"
"2013;"">> District de la Glâne"";""Ständige Wohnbevölkerung"";22445"
"2013;"">> District de la Glâne"";""Nichtständige Wohnbevölkerung"";94"
"2013;"">> District de la Gruyère"";""Ständige Wohnbevölkerung"";50325"
"2013;"">> District de la Gruyère"";""Nichtständige Wohnbevölkerung"";467"
"2013;"">> District de la Sarine"";""Ständige Wohnbevölkerung"";101477"
"2013;"">> District de la Sarine"";""Nichtständige Wohnbevölkerung"";758"
"2013;"">> Bezirk See / District du Lac"";""Ständige Wohnbevölkerung"";34359"
"2013;"">> Bezirk See / District du Lac"";""Nichtständige Wohnbevölkerung"";288"
"2013;"">> Bezirk Sense"";""Ständige Wohnbevölkerung"";42405"
"2013;"">> Bezirk Sense"";""Nichtständige Wohnbevölkerung"";156"
"2013;"">> District de la Veveyse"";""Ständige Wohnbevölkerung"";17365"
"2013;"">> District de la Veveyse"";""Nichtständige Wohnbevölkerung"";101"
"2013;"">> Bezirk Gäu"";""Ständige Wohnbevölkerung"";19448"
"2013;"">> Bezirk Gäu"";""Nichtständige Wohnbevölkerung"";216"
"2013;"">> Bezirk Thal"";""Ständige Wohnbevölkerung"";14211"
"2013;"">> Bezirk Thal"";""Nichtständige Wohnbevölkerung"";89"
"2013;"">> Bezirk Bucheggberg"";""Ständige Wohnbevölkerung"";7543"
"2013;"">> Bezirk Bucheggberg"";""Nichtständige Wohnbevölkerung"";37"
"2013;"">> Bezirk Dorneck"";""Ständige Wohnbevölkerung"";19978"
"2013;"">> Bezirk Dorneck"";""Nichtständige Wohnbevölkerung"";140"
"2013;"">> Bezirk Gösgen"";""Ständige Wohnbevölkerung"";23685"
"2013;"">> Bezirk Gösgen"";""Nichtständige Wohnbevölkerung"";158"
"2013;"">> Bezirk Wasseramt"";""Ständige Wohnbevölkerung"";49301"
"2013;"">> Bezirk Wasseramt"";""Nichtständige Wohnbevölkerung"";211"
"2013;"">> Bezirk Lebern"";""Ständige Wohnbevölkerung"";44165"
"2013;"">> Bezirk Lebern"";""Nichtständige Wohnbevölkerung"";325"
"2013;"">> Bezirk Olten"";""Ständige Wohnbevölkerung"";52439"
"2013;"">> Bezirk Olten"";""Nichtständige Wohnbevölkerung"";630"
"2013;"">> Bezirk Solothurn"";""Ständige Wohnbevölkerung"";16599"
"2013;"">> Bezirk Solothurn"";""Nichtständige Wohnbevölkerung"";135"
"2013;"">> Bezirk Thierstein"";""Ständige Wohnbevölkerung"";14068"
"2013;"">> Bezirk Thierstein"";""Nichtständige Wohnbevölkerung"";77"
"2013;"">> Kanton Basel-Stadt"";""Ständige Wohnbevölkerung"";189335"
"2013;"">> Kanton Basel-Stadt"";""Nichtständige Wohnbevölkerung"";3411"
"2013;"">> Bezirk Arlesheim"";""Ständige Wohnbevölkerung"";151376"
"2013;"">> Bezirk Arlesheim"";""Nichtständige Wohnbevölkerung"";687"
"2013;"">> Bezirk Laufen"";""Ständige Wohnbevölkerung"";19220"
"2013;"">> Bezirk Laufen"";""Nichtständige Wohnbevölkerung"";115"
"2013;"">> Bezirk Liestal"";""Ständige Wohnbevölkerung"";58061"
"2013;"">> Bezirk Liestal"";""Nichtständige Wohnbevölkerung"";289"
"2013;"">> Bezirk Sissach"";""Ständige Wohnbevölkerung"";34353"
"2013;"">> Bezirk Sissach"";""Nichtständige Wohnbevölkerung"";188"
"2013;"">> Bezirk Waldenburg"";""Ständige Wohnbevölkerung"";15646"
"2013;"">> Bezirk Waldenburg"";""Nichtständige Wohnbevölkerung"";108"
"2013;"">> Bezirk Oberklettgau"";""Ständige Wohnbevölkerung"";4185"
"2013;"">> Bezirk Oberklettgau"";""Nichtständige Wohnbevölkerung"";14"
"2013;"">> Bezirk Reiat"";""Ständige Wohnbevölkerung"";8475"
"2013;"">> Bezirk Reiat"";""Nichtständige Wohnbevölkerung"";63"
"2013;"">> Bezirk Schaffhausen"";""Ständige Wohnbevölkerung"";52812"
"2013;"">> Bezirk Schaffhausen"";""Nichtständige Wohnbevölkerung"";498"
"2013;"">> Bezirk Schleitheim"";""Ständige Wohnbevölkerung"";3036"
"2013;"">> Bezirk Schleitheim"";""Nichtständige Wohnbevölkerung"";27"
"2013;"">> Bezirk Stein"";""Ständige Wohnbevölkerung"";5463"
"2013;"">> Bezirk Stein"";""Nichtständige Wohnbevölkerung"";115"
"2013;"">> Bezirk Unterklettgau"";""Ständige Wohnbevölkerung"";4812"
"2013;"">> Bezirk Unterklettgau"";""Nichtständige Wohnbevölkerung"";19"
"2013;"">> Bezirk Hinterland"";""Ständige Wohnbevölkerung"";23729"
"2013;"">> Bezirk Hinterland"";""Nichtständige Wohnbevölkerung"";101"
"2013;"">> Bezirk Mittelland"";""Ständige Wohnbevölkerung"";16654"
"2013;"">> Bezirk Mittelland"";""Nichtständige Wohnbevölkerung"";46"
"2013;"">> Bezirk Vorderland"";""Ständige Wohnbevölkerung"";13308"
"2013;"">> Bezirk Vorderland"";""Nichtständige Wohnbevölkerung"";72"
"2013;"">> Kanton Appenzell Innerrhoden"";""Ständige Wohnbevölkerung"";15778"
"2013;"">> Kanton Appenzell Innerrhoden"";""Nichtständige Wohnbevölkerung"";66"
"2013;"">> Wahlkreis St. Gallen"";""Ständige Wohnbevölkerung"";120330"
"2013;"">> Wahlkreis St. Gallen"";""Nichtständige Wohnbevölkerung"";861"
"2013;"">> Wahlkreis Rorschach"";""Ständige Wohnbevölkerung"";41910"
"2013;"">> Wahlkreis Rorschach"";""Nichtständige Wohnbevölkerung"";271"
"2013;"">> Wahlkreis Rheintal"";""Ständige Wohnbevölkerung"";69612"
"2013;"">> Wahlkreis Rheintal"";""Nichtständige Wohnbevölkerung"";604"
"2013;"">> Wahlkreis Werdenberg"";""Ständige Wohnbevölkerung"";37072"
"2013;"">> Wahlkreis Werdenberg"";""Nichtständige Wohnbevölkerung"";288"
"2013;"">> Wahlkreis Sarganserland"";""Ständige Wohnbevölkerung"";39507"
"2013;"">> Wahlkreis Sarganserland"";""Nichtständige Wohnbevölkerung"";384"
"2013;"">> Wahlkreis See-Gaster"";""Ständige Wohnbevölkerung"";64488"
"2013;"">> Wahlkreis See-Gaster"";""Nichtständige Wohnbevölkerung"";306"
"2013;"">> Wahlkreis Toggenburg"";""Ständige Wohnbevölkerung"";45261"
"2013;"">> Wahlkreis Toggenburg"";""Nichtständige Wohnbevölkerung"";326"
"2013;"">> Wahlkreis Wil"";""Ständige Wohnbevölkerung"";73519"
"2013;"">> Wahlkreis Wil"";""Nichtständige Wohnbevölkerung"";461"
"2013;"">> Bezirk Albula"";""Ständige Wohnbevölkerung"";8178"
"2013;"">> Bezirk Albula"";""Nichtständige Wohnbevölkerung"";629"
"2013;"">> Distretto di Bernina"";""Ständige Wohnbevölkerung"";4637"
"2013;"">> Distretto di Bernina"";""Nichtständige Wohnbevölkerung"";39"
"2013;"">> Bezirk Hinterrhein"";""Ständige Wohnbevölkerung"";13113"
"2013;"">> Bezirk Hinterrhein"";""Nichtständige Wohnbevölkerung"";192"
"2013;"">> Bezirk Imboden"";""Ständige Wohnbevölkerung"";19500"
"2013;"">> Bezirk Imboden"";""Nichtständige Wohnbevölkerung"";334"
"2013;"">> Bezirk Inn"";""Ständige Wohnbevölkerung"";9536"
"2013;"">> Bezirk Inn"";""Nichtständige Wohnbevölkerung"";801"
"2013;"">> Bezirk Landquart"";""Ständige Wohnbevölkerung"";24772"
"2013;"">> Bezirk Landquart"";""Nichtständige Wohnbevölkerung"";138"
"2013;"">> Bezirk Maloja / Distretto di Maloggia"";""Ständige Wohnbevölkerung"";18717"
"2013;"">> Bezirk Maloja / Distretto di Maloggia"";""Nichtständige Wohnbevölkerung"";2646"
"2013;"">> Distretto di Moesa"";""Ständige Wohnbevölkerung"";8301"
"2013;"">> Distretto di Moesa"";""Nichtständige Wohnbevölkerung"";86"
"2013;"">> Bezirk Plessur"";""Ständige Wohnbevölkerung"";40509"
"2013;"">> Bezirk Plessur"";""Nichtständige Wohnbevölkerung"";1490"
"2013;"">> Bezirk Prättigau-Davos"";""Ständige Wohnbevölkerung"";26349"
"2013;"">> Bezirk Prättigau-Davos"";""Nichtständige Wohnbevölkerung"";1477"
"2013;"">> Bezirk Surselva"";""Ständige Wohnbevölkerung"";21347"
"2013;"">> Bezirk Surselva"";""Nichtständige Wohnbevölkerung"";794"
"2013;"">> Bezirk Aarau"";""Ständige Wohnbevölkerung"";73500"
"2013;"">> Bezirk Aarau"";""Nichtständige Wohnbevölkerung"";642"
"2013;"">> Bezirk Baden"";""Ständige Wohnbevölkerung"";136753"
"2013;"">> Bezirk Baden"";""Nichtständige Wohnbevölkerung"";995"
"2013;"">> Bezirk Bremgarten"";""Ständige Wohnbevölkerung"";72800"
"2013;"">> Bezirk Bremgarten"";""Nichtständige Wohnbevölkerung"";365"
"2013;"">> Bezirk Brugg"";""Ständige Wohnbevölkerung"";48279"
"2013;"">> Bezirk Brugg"";""Nichtständige Wohnbevölkerung"";377"
"2013;"">> Bezirk Kulm"";""Ständige Wohnbevölkerung"";38833"
"2013;"">> Bezirk Kulm"";""Nichtständige Wohnbevölkerung"";322"
"2013;"">> Bezirk Laufenburg"";""Ständige Wohnbevölkerung"";30515"
"2013;"">> Bezirk Laufenburg"";""Nichtständige Wohnbevölkerung"";198"
"2013;"">> Bezirk Lenzburg"";""Ständige Wohnbevölkerung"";56276"
"2013;"">> Bezirk Lenzburg"";""Nichtständige Wohnbevölkerung"";264"
"2013;"">> Bezirk Muri"";""Ständige Wohnbevölkerung"";33750"
"2013;"">> Bezirk Muri"";""Nichtständige Wohnbevölkerung"";243"
"2013;"">> Bezirk Rheinfelden"";""Ständige Wohnbevölkerung"";45747"
"2013;"">> Bezirk Rheinfelden"";""Nichtständige Wohnbevölkerung"";407"
"2013;"">> Bezirk Zofingen"";""Ständige Wohnbevölkerung"";67241"
"2013;"">> Bezirk Zofingen"";""Nichtständige Wohnbevölkerung"";449"
"2013;"">> Bezirk Zurzach"";""Ständige Wohnbevölkerung"";32668"
"2013;"">> Bezirk Zurzach"";""Nichtständige Wohnbevölkerung"";465"
"2013;"">> Bezirk Arbon"";""Ständige Wohnbevölkerung"";54011"
"2013;"">> Bezirk Arbon"";""Nichtständige Wohnbevölkerung"";454"
"2013;"">> Bezirk Frauenfeld"";""Ständige Wohnbevölkerung"";64084"
"2013;"">> Bezirk Frauenfeld"";""Nichtständige Wohnbevölkerung"";594"
"2013;"">> Bezirk Kreuzlingen"";""Ständige Wohnbevölkerung"";45175"
"2013;"">> Bezirk Kreuzlingen"";""Nichtständige Wohnbevölkerung"";674"
"2013;"">> Bezirk Münchwilen"";""Ständige Wohnbevölkerung"";44453"
"2013;"">> Bezirk Münchwilen"";""Nichtständige Wohnbevölkerung"";181"
"2013;"">> Bezirk Weinfelden"";""Ständige Wohnbevölkerung"";52555"
"2013;"">> Bezirk Weinfelden"";""Nichtständige Wohnbevölkerung"";474"
"2013;"">> Distretto di Bellinzona"";""Ständige Wohnbevölkerung"";50193"
"2013;"">> Distretto di Bellinzona"";""Nichtständige Wohnbevölkerung"";184"
"2013;"">> Distretto di Blenio"";""Ständige Wohnbevölkerung"";5659"
"2013;"">> Distretto di Blenio"";""Nichtständige Wohnbevölkerung"";40"
"2013;"">> Distretto di Leventina"";""Ständige Wohnbevölkerung"";9377"
"2013;"">> Distretto di Leventina"";""Nichtständige Wohnbevölkerung"";88"
"2013;"">> Distretto di Locarno"";""Ständige Wohnbevölkerung"";63235"
"2013;"">> Distretto di Locarno"";""Nichtständige Wohnbevölkerung"";357"
"2013;"">> Distretto di Lugano"";""Ständige Wohnbevölkerung"";148833"
"2013;"">> Distretto di Lugano"";""Nichtständige Wohnbevölkerung"";1202"
"2013;"">> Distretto di Mendrisio"";""Ständige Wohnbevölkerung"";50357"
"2013;"">> Distretto di Mendrisio"";""Nichtständige Wohnbevölkerung"";491"
"2013;"">> Distretto di Riviera"";""Ständige Wohnbevölkerung"";12918"
"2013;"">> Distretto di Riviera"";""Nichtständige Wohnbevölkerung"";51"
"2013;"">> Distretto di Vallemaggia"";""Ständige Wohnbevölkerung"";5967"
"2013;"">> Distretto di Vallemaggia"";""Nichtständige Wohnbevölkerung"";19"
"2013;"">> District d'Aigle"";""Ständige Wohnbevölkerung"";42750"
"2013;"">> District d'Aigle"";""Nichtständige Wohnbevölkerung"";953"
"2013;"">> District de la Broye-Vully"";""Ständige Wohnbevölkerung"";39868"
"2013;"">> District de la Broye-Vully"";""Nichtständige Wohnbevölkerung"";357"
"2013;"">> District du Gros-de-Vaud"";""Ständige Wohnbevölkerung"";40962"
"2013;"">> District du Gros-de-Vaud"";""Nichtständige Wohnbevölkerung"";169"
"2013;"">> District du Jura-Nord vaudois"";""Ständige Wohnbevölkerung"";86480"
"2013;"">> District du Jura-Nord vaudois"";""Nichtständige Wohnbevölkerung"";791"
"2013;"">> District de Lausanne"";""Ständige Wohnbevölkerung"";157119"
"2013;"">> District de Lausanne"";""Nichtständige Wohnbevölkerung"";2611"
"2013;"">> District de Lavaux-Oron"";""Ständige Wohnbevölkerung"";57852"
"2013;"">> District de Lavaux-Oron"";""Nichtständige Wohnbevölkerung"";421"
"2013;"">> District de Morges"";""Ständige Wohnbevölkerung"";77341"
"2013;"">> District de Morges"";""Nichtständige Wohnbevölkerung"";632"
"2013;"">> District de Nyon"";""Ständige Wohnbevölkerung"";93521"
"2013;"">> District de Nyon"";""Nichtständige Wohnbevölkerung"";748"
"2013;"">> District de l'Ouest lausannois"";""Ständige Wohnbevölkerung"";71086"
"2013;"">> District de l'Ouest lausannois"";""Nichtständige Wohnbevölkerung"";1213"
"2013;"">> District de la Riviera-Pays-d'Enhaut"";""Ständige Wohnbevölkerung"";82394"
"2013;"">> District de la Riviera-Pays-d'Enhaut"";""Nichtständige Wohnbevölkerung"";1346"
"2013;"">> Bezirk Brig"";""Ständige Wohnbevölkerung"";25929"
"2013;"">> Bezirk Brig"";""Nichtständige Wohnbevölkerung"";250"
"2013;"">> District de Conthey"";""Ständige Wohnbevölkerung"";26052"
"2013;"">> District de Conthey"";""Nichtständige Wohnbevölkerung"";621"
"2013;"">> District d'Entremont"";""Ständige Wohnbevölkerung"";14749"
"2013;"">> District d'Entremont"";""Nichtständige Wohnbevölkerung"";1227"
"2013;"">> Bezirk Goms"";""Ständige Wohnbevölkerung"";4569"
"2013;"">> Bezirk Goms"";""Nichtständige Wohnbevölkerung"";203"
"2013;"">> District d'Hérens"";""Ständige Wohnbevölkerung"";10772"
"2013;"">> District d'Hérens"";""Nichtständige Wohnbevölkerung"";230"
"2013;"">> Bezirk Leuk"";""Ständige Wohnbevölkerung"";12252"
"2013;"">> Bezirk Leuk"";""Nichtständige Wohnbevölkerung"";235"
"2013;"">> District de Martigny"";""Ständige Wohnbevölkerung"";44359"
"2013;"">> District de Martigny"";""Nichtständige Wohnbevölkerung"";670"
"2013;"">> District de Monthey"";""Ständige Wohnbevölkerung"";43333"
"2013;"">> District de Monthey"";""Nichtständige Wohnbevölkerung"";687"
"2013;"">> Bezirk Raron"";""Ständige Wohnbevölkerung"";10864"
"2013;"">> Bezirk Raron"";""Nichtständige Wohnbevölkerung"";322"
"2013;"">> District de Saint-Maurice"";""Ständige Wohnbevölkerung"";13193"
"2013;"">> District de Saint-Maurice"";""Nichtständige Wohnbevölkerung"";252"
"2013;"">> District de Sierre"";""Ständige Wohnbevölkerung"";47972"
"2013;"">> District de Sierre"";""Nichtständige Wohnbevölkerung"";1241"
"2013;"">> District de Sion"";""Ständige Wohnbevölkerung"";44723"
"2013;"">> District de Sion"";""Nichtständige Wohnbevölkerung"";441"
"2013;"">> Bezirk Visp"";""Ständige Wohnbevölkerung"";28244"
"2013;"">> Bezirk Visp"";""Nichtständige Wohnbevölkerung"";2301"
"2013;"">> District de Boudry"";""Ständige Wohnbevölkerung"";39653"
"2013;"">> District de Boudry"";""Nichtständige Wohnbevölkerung"";244"
"2013;"">> District de la Chaux-de-Fonds"";""Ständige Wohnbevölkerung"";39859"
"2013;"">> District de la Chaux-de-Fonds"";""Nichtständige Wohnbevölkerung"";308"
"2013;"">> District du Locle"";""Ständige Wohnbevölkerung"";14487"
"2013;"">> District du Locle"";""Nichtständige Wohnbevölkerung"";94"
"2013;"">> District de Neuchâtel"";""Ständige Wohnbevölkerung"";53682"
"2013;"">> District de Neuchâtel"";""Nichtständige Wohnbevölkerung"";562"
"2013;"">> District du Val-de-Ruz"";""Ständige Wohnbevölkerung"";16649"
"2013;"">> District du Val-de-Ruz"";""Nichtständige Wohnbevölkerung"";103"
"2013;"">> District du Val-de-Travers"";""Ständige Wohnbevölkerung"";12072"
"2013;"">> District du Val-de-Travers"";""Nichtständige Wohnbevölkerung"";120"
"2013;"">> Canton de Genève"";""Ständige Wohnbevölkerung"";469433"
"2013;"">> Canton de Genève"";""Nichtständige Wohnbevölkerung"";2903"
"2013;"">> District de Delémont"";""Ständige Wohnbevölkerung"";37196"
"2013;"">> District de Delémont"";""Nichtständige Wohnbevölkerung"";156"
"2013;"">> District des Franches-Montagnes"";""Ständige Wohnbevölkerung"";10141"
"2013;"">> District des Franches-Montagnes"";""Nichtständige Wohnbevölkerung"";85"
"2013;"">> District de Porrentruy"";""Ständige Wohnbevölkerung"";24401"
"2013;"">> District de Porrentruy"";""Nichtständige Wohnbevölkerung"";84"
